[{"model": "custom_auth.customuser", "pk": 1, "fields": {"password": "pbkdf2_sha256$260000$3L0C2r68ect78jwtBUx9yv$4K1RPefOFLBeL99pTTNN6SeEAnkAQEcPO3jFhWQrhNQ=", "last_login": "2022-11-19T16:41:14.613Z", "is_superuser": true, "email": "admin@musify.ru", "username": "admin", "is_staff": true, "is_active": true, "date_joined": "2022-10-21T07:52:46.758Z", "groups": [], "user_permissions": []}}, {"model": "custom_auth.customuser", "pk": 3, "fields": {"password": "pbkdf2_sha256$260000$Tr3iOThL9cxkGlxNvJO7P2$RtFcnLh2R9Xjn4BvMOWwW+1z6fDr8QJZsxqA7k/PJrI=", "last_login": "2022-10-31T06:13:07Z", "is_superuser": false, "email": "shtyasek2003@mail.ru", "username": "shtyasek2003", "is_staff": false, "is_active": true, "date_joined": "2022-10-26T09:32:39Z", "groups": [2], "user_permissions": []}}, {"model": "custom_auth.customuser", "pk": 9, "fields": {"password": "pbkdf2_sha256$260000$yemY9EGx4mCdPF9ggkgr0i$UjOWEif5ydNP+7b6eG2E0AwvMEwjqRZzmSblzlXthec=", "last_login": "2022-11-19T16:31:02.381Z", "is_superuser": false, "email": "matthewgiovannini2003@mail.ru", "username": "matthewgiovannini2003", "is_staff": false, "is_active": true, "date_joined": "2022-10-26T14:41:01Z", "groups": [1, 2], "user_permissions": []}}, {"model": "custom_auth.customuser", "pk": 10, "fields": {"password": "pbkdf2_sha256$260000$UaqyULULrIVimrPWmwGfgX$cK5w6IEbIbvAmgAmJWglPAu6TP0fw0MM6c0K9wLXbQA=", "last_login": "2022-11-09T16:42:21.932Z", "is_superuser": false, "email": "shtyasek.matthew@mail.ru", "username": "user1", "is_staff": false, "is_active": true, "date_joined": "2022-11-07T09:32:47Z", "groups": [2], "user_permissions": [16]}}, {"model": "custom_auth.customuser", "pk": 11, "fields": {"password": "pbkdf2_sha256$260000$QwdEzVWihclsU1vg1D1Om4$SMLNx+BMn6F27hlQ8CB/ruxtC19yWNm9HsnM2sZvVAo=", "last_login": "2022-11-19T16:41:58.088Z", "is_superuser": false, "email": "m.jowannini@yandex.ru", "username": "user2", "is_staff": false, "is_active": true, "date_joined": "2022-11-19T16:32:29Z", "groups": [], "user_permissions": [49]}}, {"model": "profiles.playlist", "pk": 1, "fields": {"name": "Мой плейлист", "icon": "default_icon.jpg", "owner": 1, "public": true, "created": "2022-10-27T15:09:11.140Z", "updated": "2022-10-28T05:23:34.429Z", "songs": [2, 3], "subscribers": []}}, {"model": "profiles.playlist", "pk": 2, "fields": {"name": "Instructors", "icon": "default_icon.jpg", "owner": 1, "public": false, "created": "2022-10-28T05:26:29.723Z", "updated": "2022-10-28T15:01:25.040Z", "songs": [1, 2, 3], "subscribers": []}}, {"model": "profiles.playlist", "pk": 11, "fields": {"name": "Recommendations Test", "icon": "default_icon.jpg", "owner": 1, "public": true, "created": "2022-10-30T03:21:16.506Z", "updated": "2022-10-30T03:42:05.709Z", "songs": [1, 2, 3, 8], "subscribers": []}}, {"model": "profiles.playlist", "pk": 12, "fields": {"name": "My playlist", "icon": "default_icon.jpg", "owner": 3, "public": true, "created": "2022-10-30T03:46:21.275Z", "updated": "2022-10-30T03:52:45.653Z", "songs": [1, 2], "subscribers": []}}, {"model": "profiles.playlist", "pk": 13, "fields": {"name": "playlist", "icon": "default_icon.jpg", "owner": 3, "public": false, "created": "2022-10-30T03:47:14.064Z", "updated": "2022-10-30T03:47:14.064Z", "songs": [], "subscribers": []}}, {"model": "profiles.playlist", "pk": 14, "fields": {"name": "test111", "icon": "default_icon.jpg", "owner": 3, "public": true, "created": "2022-10-30T03:50:28.996Z", "updated": "2022-10-30T03:51:05.868Z", "songs": [8, 7], "subscribers": []}}, {"model": "profiles.playlist", "pk": 15, "fields": {"name": "Hello", "icon": "default_icon.jpg", "owner": 10, "public": true, "created": "2022-11-08T06:57:50.684Z", "updated": "2022-11-08T07:13:26.191Z", "songs": [2, 3, 8, 7, 4, 5], "subscribers": []}}, {"model": "profiles.playlist", "pk": 16, "fields": {"name": "Best music", "icon": "default_icon.jpg", "owner": 10, "public": true, "created": "2022-11-08T06:59:22.404Z", "updated": "2022-11-08T07:13:57.551Z", "songs": [1, 2], "subscribers": []}}, {"model": "profiles.playlist", "pk": 17, "fields": {"name": "My private playlist", "icon": "default_icon.jpg", "owner": 10, "public": false, "created": "2022-11-08T07:06:20.337Z", "updated": "2022-11-08T07:06:20.337Z", "songs": [], "subscribers": []}}, {"model": "profiles.playlist", "pk": 18, "fields": {"name": "Рок", "icon": "default_icon.jpg", "owner": 11, "public": true, "created": "2022-11-19T16:42:06.961Z", "updated": "2022-11-19T16:42:25.737Z", "songs": [2, 13, 12, 14], "subscribers": []}}, {"model": "profiles.playlist", "pk": 19, "fields": {"name": "Просто плейлист", "icon": "default_icon.jpg", "owner": 11, "public": true, "created": "2022-11-19T16:42:38.685Z", "updated": "2022-11-19T16:42:43.421Z", "songs": [1, 2, 8], "subscribers": []}}, {"model": "news.news", "pk": 4, "fields": {"title": "Адель установила рекорд по цене билетов на концерт", "slug": "adel-ustanovila-rekord-po-cene-biletov-na-koncert", "body": "Стоимость билетов на концерт Адель в Лас-Вегасе достигла 40 тысяч фунтов стерлингов\n\n\n\nБританская поп-певица Адель установила рекорд по цене билетов на концерт. Об этом сообщает The Mirror.\n\n\n\nСтоимость билетов на выступление исполнительницы в Лас-Вегасе достигла 40 тысяч фунтов стерлингов (более 2,8 миллиона рублей). Такую сумму поклонникам придется заплатить, если они захотят оказаться в первом ряду. Билеты на задние ряды стоят около 579 фунтов стерлингов (более 41 тысячи рублей).\n\n\n\nОтмечается, что цены на шоу Адель затмевают цены на концерты таких звезд, как Элтон Джон, Род Стюарт и Дженнифер Лопес. Представитель американской маркетинговой фирмы PRrppd Броди Купер сказал, что это самые высокие показатели в истории [улицы] Лас-Вегас-Стрип.\n\n\n\nРанее в октябре Адель сообщила о намерении взять перерыв в музыкальной карьере, чтобы получить степень по английской литературе. «Я не пойду в университет, я буду заниматься онлайн и с репетитором, это мой план на 2025 год. Просто получить квалификацию», — рассказала певица. Она добавила, что собирается заняться обучением после выступлений в Лас-Вегасе.", "image": "media/news/2022/11/01/owl_detail_240_f477dd6f916da2d60634174ec99dee69.jpg", "author": 1, "created": "2022-11-01T06:09:18.715Z", "updated": "2022-11-01T06:09:18.715Z", "published": true, "likes": []}}, {"model": "news.news", "pk": 5, "fields": {"title": "Мацуев и Гергиев откроют фестиваль \"Зарядье\"", "slug": "macuev-i-gergiev-otkroyut-festival-zaryade", "body": "МОСКВА, 31 окт – РИА Новости. Пианист Денис Мацуев и дирижер Валерий Гергиев откроют 10 ноября четвертый московский фестиваль \"Зарядье\", сообщили РИА Новости в пресс-службе форума.\r\n\"Если говорить о задумке этого смотра, то он призван раскрыть все возможности нового зала в центре Москвы – не только концертные и акустические, но и театральный потенциал. Конечно, параметры сцены \"Зарядья\" отличаются от сценических возможностей Мариинского театра, но этот фестиваль – очень важное начинание\", - сказал Гергиев.\r\nДирижер представит зрителям оперные премьеры с участием ведущих солистов Мариинского театра и новой симфонической программой при участии известных инструменталистов. Всего в рамках фестиваля запланировано 11 событий.", "image": "media/news/2022/11/02/1828124922_0_0_2092_1296_1440x900_80_1_1_5f42978d399061229d5938f3_bwDyhQO.webp", "author": 1, "created": "2022-11-02T07:36:53.076Z", "updated": "2022-11-02T07:36:53.076Z", "published": true, "likes": []}}, {"model": "news.comment", "pk": 12, "fields": {"text": "Super!!!", "author": 1, "created": "2022-10-30T18:44:37.335Z", "updated": "2022-10-30T18:44:50.779Z", "published": true, "news": null, "likes": []}}, {"model": "news.comment", "pk": 13, "fields": {"text": "Hellow", "author": 1, "created": "2022-10-30T18:45:09.218Z", "updated": "2022-10-30T18:45:12.877Z", "published": true, "news": null, "likes": []}}, {"model": "news.comment", "pk": 20, "fields": {"text": "Превосходно!", "author": 1, "created": "2022-11-01T08:00:22.483Z", "updated": "2022-11-01T08:00:22.483Z", "published": true, "news": 4, "likes": []}}, {"model": "news.comment", "pk": 21, "fields": {"text": "Hello, world!", "author": 10, "created": "2022-11-08T10:16:50.628Z", "updated": "2022-11-08T10:17:16.830Z", "published": true, "news": 4, "likes": []}}, {"model": "news.comment", "pk": 22, "fields": {"text": "Не уважаю!", "author": 10, "created": "2022-11-08T10:39:05.486Z", "updated": "2022-11-08T10:39:21.822Z", "published": true, "news": 5, "likes": []}}, {"model": "musics.musician", "pk": 1, "fields": {"created": "2022-10-21T07:58:28.288Z", "updated": "2022-10-21T07:58:28.288Z", "slug": "vladimir-vysockij", "description": "Влади́мир Семёнович Высо́цкий (25 января 1938, Москва — 25 июля 1980, там же) — советский поэт, актёр театра и кино, автор-исполнитель песен (бард); автор прозаических произведений и сценариев. Лауреат Государственной премии СССР («за создание образа Жеглова в телевизионном художественном фильме „Место встречи изменить нельзя“ и авторское исполнение песен», 1987, посмертно).\n\n\n\nКак поэт Высоцкий реализовал себя прежде всего в жанре авторской песни. Первые из написанных им произведений относятся к началу 1960-х годов. Вначале они исполнялись в кругу друзей, позже получили широкую известность благодаря распространявшимся по стране магнитофонным записям. Поэзия Высоцкого отличалась многообразием тем (уличные, лагерные, военные, сатирические, бытовые, сказочные, «спортивные» песни), остротой смыслового подтекста и акцентированной социально-нравственной позицией автора. В его произведениях, рассказывающих о внутреннем выборе людей, поставленных в экстремальные обстоятельства, прослеживались экзистенциальные мотивы. Творческая эволюция Высоцкого прошла в несколько этапов. В его раннем творчестве преобладали уличные и дворовые песни. С середины 1960-х годов тематика произведений начала расширяться, а песенные циклы — складываться в новую «энциклопедию русской жизни». В 1970-х годах значительную часть творчества Высоцкого составляли песни и стихотворения исповедально-философского характера, поэт часто обращался к вечным вопросам бытия.\n\n\n\nТеатральная биография Высоцкого, окончившего в 1960 году Школу-студию МХАТ, связана главным образом с работой в Театре на Таганке. На его сцене актёр играл Галилея (спектакль «Жизнь Галилея», 1966), Хлопушу («Пугачёв», 1967), Гамлета («Гамлет», 1971), Лопахина («Вишнёвый сад», 1975), Свидригайлова («Преступление и наказание», 1979).\n\n\n\nДебют Высоцкого в кино состоялся в 1959 году, когда он сыграл эпизодическую роль в фильме «Сверстницы». За годы работы в кинематографе актёр снялся в более чем двадцати пяти фильмах. Кинобиография Высоцкого включает роли подпольщика Бродского («Интервенция», 1968), зоолога фон Корена («Плохой хороший человек», 1973), капитана Жеглова («Место встречи изменить нельзя», 1979), Дон Гуана («Маленькие трагедии», 1979) и другие. Исследователи отмечали, что в сценических и экранных работах Высоцкого экспрессивность сочеталась с психологической достоверностью. В ряде спектаклей, а также в художественных фильмах, теле- и радиопостановках он выступал и как автор песен.\n\n\n\nПри жизни Высоцкого его песни не получили в СССР официального признания. В 1968 году в печати была развёрнута кампания по дискредитации его музыкально-поэтического творчества. Вплоть до 1981 года ни одно советское издательство не выпустило книгу с его текстами. Цензурные ограничения частично были сняты только после смерти Высоцкого, когда вышел в свет сборник его поэтических произведений «Нерв» (составитель — Роберт Рождественский). Тем не менее цензорский контроль за публикациями стихов и песен Высоцкого, а также посвящённых ему газетно-журнальных статей продолжал действовать вплоть до перестройки. Легализация его творчества началась в Советском Союзе в 1986 году, когда при Союзе писателей СССР была создана комиссия по литературному наследию Высоцкого. Со второй половины 1980-х годов начался выпуск книг и собраний сочинений поэта, ведётся исследовательская работа, посвящённая его творчеству. По некоторым оценкам, Высоцкий, занимающий одно из центральных мест в истории русской культуры XX века, «оказал сильное влияние на формирование взглядов своих современников и последующих поколений».", "photo": "", "date_of_birth": "1938-01-25", "date_of_death": "1980-07-25", "first_name": "Владимир", "last_name": "Высоцкий", "patronymic": "Семёнович"}}, {"model": "musics.musician", "pk": 2, "fields": {"created": "2022-10-27T09:51:15.460Z", "updated": "2022-10-27T09:51:15.460Z", "slug": "viktor-coj", "description": "", "photo": "photos/2022/10/27/цой.jpg", "date_of_birth": "1962-06-21", "date_of_death": "1990-08-15", "first_name": "Виктор", "last_name": "Цой", "patronymic": "Робертович"}}, {"model": "musics.musician", "pk": 3, "fields": {"created": "2022-10-30T03:31:23.666Z", "updated": "2022-10-30T03:35:07.954Z", "slug": "oji-neizvestno", "description": "", "photo": "", "date_of_birth": "2022-10-20", "date_of_death": "2022-10-30", "first_name": "oji", "last_name": "неизвестно", "patronymic": null}}, {"model": "musics.musician", "pk": 4, "fields": {"created": "2022-11-19T16:01:52.847Z", "updated": "2022-11-19T16:01:52.847Z", "slug": "roman-zver", "description": "Биография\r\nРодился 7 декабря 1977 года в Таганроге. В школе увлёкся гитарой, стал писать песни, исполнять их вместе с друзьями. Создал группу «Асимметрия»[1]. Окончил строительное ПТУ № 23 в Таганроге[2], а потом Донской межрегиональный колледж строительства и экономики.\r\n\r\nВ 2000 году приехал в Москву, осенью 2000 года познакомился с композитором и режиссёром клипов Александром Войтинским[2].\r\n\r\nГруппа «Звери»\r\nВ 1998 году они создали группу «Звери».\r\n\r\nS Баку (Азербайджан). 10 июня 2016. Electra Event Hall.\r\nРоман Билык в Баку (Азербайджан). 10 июня 2016. Electra Event Hall.\r\nВ 2003 году у группы вышел дебютный альбом «Голод».\r\n\r\n26 марта 2004 года группа «Звери» собирает концертную площадку «Лужники»[2].\r\n\r\nВ 2005 году группа вошла в список самых богатых российских звёзд, согласно журналу «Forbes»[3]. На премии Муз-ТВ группа побеждала в номинации «Лучшая рок-группа» 9 раз.\r\n\r\nДругое творчество\r\nВ 2011 году музыкант выпустил линию одежды под брендом «3veri», презентация которой прошла в Москве 7 апреля 2011 года[4]. С 22 мая 2011 года по 14 августа 2011 года вместе с Виктором Вержбицким вёл программу «Игра» на телеканале «НТВ».\r\n\r\nВ 2014 году окончил режиссёрские курсы.\r\n\r\nВ октябре 2016 года на территории «Красного октября» в Москве открылась фотовыставка работ музыканта «Моменты»[5].\r\n\r\nВ 2018 году сыграл роль Майка Науменко в фильме «Лето». В 2018 году получил отдельную премию в рамках Каннского кинофестиваля за лучший саундтрек к этому фильму (вместе с Германом Осиповым). Стал победителем в номинации «Открытие года» премии «Ника» за фильм «Лето».\r\n\r\n28 августа 2022 года выступал в Великом Новгороде в честь Дня города.\r\n\r\nСемья\r\nОтец — Виталий Евгеньевич Билык (13.10.1949), украинец, работал токарем на заводе «Красный котельщик».[2][6]\r\nМать — Светлана Борисовна Билык, русская[6], проработала 20 лет водителем такси, потом работала продавцом небольшого передвижного ларька, была автогонщицей.[1][7][8]\r\nБратья — старший, Эдуард Витальевич Билык (род. 1974), и младший, Павел Игоревич Билык (род. 1986).[1]\r\nЖена — Марина Королёва (с 2004 года), бывшая модель.[9]\r\nДочь Ольга (род. 21 февраля 2008).\r\nДочь Зоя (род. 9 июля 2015).[10]", "photo": "photos/2022/11/19/s1200.jpg", "date_of_birth": "1977-12-07", "date_of_death": null, "first_name": "Роман", "last_name": "Зверь", "patronymic": null}}, {"model": "musics.musicgroup", "pk": 1, "fields": {"created": "2022-10-27T09:51:45.876Z", "updated": "2022-10-27T09:51:45.876Z", "slug": "kino", "description": "", "photo": "", "date_of_birth": "1981-01-01", "date_of_death": "2022-10-27", "name": "КИНО", "musicians": [2]}}, {"model": "musics.musicgroup", "pk": 2, "fields": {"created": "2022-11-19T16:02:22.619Z", "updated": "2022-11-19T16:02:22.619Z", "slug": "zveri", "description": "", "photo": "photos/2022/11/19/rus_brit_pop09.jpg", "date_of_birth": "2000-01-01", "date_of_death": null, "name": "Звери", "musicians": [4]}}, {"model": "musics.song", "pk": 1, "fields": {"created": "2022-10-21T07:56:57.390Z", "updated": "2022-10-21T07:56:57.390Z", "album": 1, "name": "Скалолазка", "description": "За годы работы в кинематографе Владимир Высокий снялся более чем в 25 фильмах, а первой картиной, в которой прозвучали его песни, стала дипломная работа молодых режиссеров Станислава Говорухина и Бориса Дурова «Вертикаль». Песни «Если друг оказался вдруг…» и «Здесь вам не равнина…» позже стали настоящим гимном альпинистов. Но не все композиции, написанные Высоцким, зрители услышали – в фильм не вошла песня «Скалолазка», так как эпизод, где она звучала, вырезали.", "track": "songs/2022/10/21/Скалолазка_CRsyhkS.mp3", "slug": "skalolazka", "written": "1967-01-01"}}, {"model": "musics.song", "pk": 2, "fields": {"created": "2022-10-21T08:04:08.403Z", "updated": "2022-11-17T09:25:31.740Z", "album": 2, "name": "Письмо в редакцию", "description": "«Письмо в редакцию телевизионной передачи „Очевидное — невероятное“ из сумасшедшего дома — с Канатчиковой дачи» («Про Бермудский треугольник»[1], по первой строке известно как «Дорогая передача!..»[2][3]) — юмористическая авторская песня Владимира Высоцкого, созданная в 1977 году. В песне описываются «будни» сумасшедшего дома, на которые проецируется тема загадки Бермудского треугольника; толчком к написанию, видимо, послужил выпуск телепередачи «Очевидное — невероятное», посвящённый этой теме и вышедший в эфир 13 ноября 1976 года. Песня оставалась одной из самых исполняемых в авторских концертах Высоцкого в последние годы его жизни, многие фразы из неё стали крылатыми.", "track": "songs/2022/10/21/Pismo_v_redakciyu_televizionnojj_peredachi_Ochevidnoe-neveroyatnoe_iz_s_PjDfvlA.mp3", "slug": "pismo-v-redakciyu", "written": "1968-10-21"}}, {"model": "musics.song", "pk": 3, "fields": {"created": "2022-10-27T09:54:31.124Z", "updated": "2022-10-27T09:54:31.124Z", "album": 3, "name": "Группа крови", "description": "", "track": "songs/2022/10/27/Viktor_Cojj_-_Gruppa_krovi_47828908.mp3", "slug": "gruppa-krovi", "written": "1987-06-03"}}, {"model": "musics.song", "pk": 4, "fields": {"created": "2022-10-30T03:39:26.783Z", "updated": "2022-10-30T03:39:26.783Z", "album": 4, "name": "tabulation I.", "description": "", "track": "songs/2022/10/30/oji_-_tabulation_I..mp3", "slug": "tabulation-i", "written": "2021-12-27"}}, {"model": "musics.song", "pk": 5, "fields": {"created": "2022-10-30T03:39:52.355Z", "updated": "2022-10-30T03:39:52.355Z", "album": 4, "name": "tabulation II", "description": "", "track": "songs/2022/10/30/oji_-_tabulation_II..mp3", "slug": "tabulation-ii", "written": "2021-12-27"}}, {"model": "musics.song", "pk": 6, "fields": {"created": "2022-10-30T03:40:12.257Z", "updated": "2022-10-30T03:40:12.257Z", "album": 4, "name": "tabulation III", "description": "", "track": "songs/2022/10/30/oji_-_tabulation_III..mp3", "slug": "tabulation-iii", "written": "2021-12-27"}}, {"model": "musics.song", "pk": 7, "fields": {"created": "2022-10-30T03:40:36.745Z", "updated": "2022-10-30T03:40:36.745Z", "album": 4, "name": "lovely bluesy ditty", "description": "", "track": "songs/2022/10/30/oji_-_lovely_bluesy_ditty..mp3", "slug": "lovely-bluesy-ditty", "written": "2021-12-27"}}, {"model": "musics.song", "pk": 8, "fields": {"created": "2022-10-30T03:40:52.939Z", "updated": "2022-10-30T03:40:52.939Z", "album": 4, "name": "failures", "description": "", "track": "songs/2022/10/30/oji_-__failures._.mp3", "slug": "failures", "written": "2021-12-27"}}, {"model": "musics.song", "pk": 9, "fields": {"created": "2022-11-19T04:20:38.877Z", "updated": "2022-11-19T04:20:38.877Z", "album": 3, "name": "Дальше действовать будем мы", "description": "Автором музыки и слов всех треков из альбома «Группа крови» официально считается Виктор Цой.\r\n\r\nГруппа впервые исполнила её перед публикой на фестивале, который 1 июня 1986 года проводил Ленинградский рок-клуб. На том памятном концерте  постоянным участникам «Кино» помогали Дмитрий Павлов, который играл на клавишных, и Сергей Бугаев по прозвищу «Африка», занявший место за ударными.\r\n\r\nПозже Георгий Гурьянов вспоминал:\r\n\r\n«Африка» вообще не может барабанить и никогда не барабанил, только мог сбивать с ритма, но меня не собьёшь, конечно. Мы всегда играли тем составом, который есть. А все остальные, это приятели и какие-то случайные люди, которые никакой функции музыкальной не исполняют.\r\n\r\nЛетопись\r\n\r\nТо выступление «Кино» оказалось не самым удачным в истории группы. Журнал «Рокси» опубликовал нелицеприятную рецензию с такими словами:\r\n\r\n«Кино», всегда бравшее зал эмоциональным настроем прорванной энергетической плотины, к середине концерта этот напор потеряло, будто воды за стенкой дамбы не хватило.\r\n\r\nРокси", "track": "songs/2022/11/19/В._Цой_Кино_-_Дальше_действовать_будем_мы.mp3", "slug": "dalshe-dejstvovat-budem-my", "written": "1987-11-19"}}, {"model": "musics.song", "pk": 10, "fields": {"created": "2022-11-19T04:24:00.205Z", "updated": "2022-11-19T04:24:00.205Z", "album": 5, "name": "Звезда по имени Солнце", "description": "Рашид Нугманов, режиссер художественного фильма «Игла», в котором главную роль сыграл Виктор, утверждал, что Цой написал «Звезду» специально для этой картины. Более того, он настаивал, что произошло это осенью 1987 года в его (Нугманова) алма-атинской квартире, где лидер «Кино» жил во время съемок. Якобы Цой сочинял песню буквально у него на глазах, но на вопросы о возможных мотивах или источниках вдохновения Нугманов отвечать неизменно отказывался.\r\n\r\nСам Виктор Цой, отвечая на вопрос корреспондента «Комсомольской правды» о том, на что или на кого он намекал в песне, неуверенно ответил, что «скорее, на нечто неопределенное, чем на себя».\r\n\r\nРелиз и достижения\r\n«Звезда по имени Солнце» стала заглавной песней выпущенного в 1989 году последнего прижизненного альбома Виктора Цоя.\r\n\r\nВ списке 100 лучших песен русского рока в ХХ веке по версии «Нашего радио» композиция занимает двенадцатую строчку.", "track": "songs/2022/11/19/В._Цой_Кино_-_Звезда_по_имени_Солнце.mp3", "slug": "zvezda-po-imeni-solnce", "written": "1989-11-19"}}, {"model": "musics.song", "pk": 11, "fields": {"created": "2022-11-19T04:24:54.442Z", "updated": "2022-11-19T04:24:54.442Z", "album": 3, "name": "Мама, мы все тяжело больны", "description": "Автором музыки и слов трека указан Виктор Цой. Георгий Гурьянов утверждал, что в основе песни лежит партия для баса, которую сочинил он.\r\n\r\nВ телепередаче «Летопись» бас-гитарист группы «Кино» рассказывал:\r\n\r\n«Мама, мы все сошли с ума», я помню, Виктору понравился басовый риф, и он его играл и играл. И через два месяца он сказал, что получилась песня. Но, насколько я знаю творческий процесс, иногда у него целиком появлялась песня, иногда он с какого-то музыкального фрагмента начинал действовать, иногда ещё как.\r\n\r\nКритики Виктора Цоя любят рассуждать о многочисленных заимствованиях в его песнях. Особенно часто они указывают на творчество группы The Cure, якобы сильно повлиявшее на всех участников «Кино». Композицию «Мама, мы все сошли с ума» они также не обошли стороной. По их мнению, вышеупомянутая партия бас-гитары и общее звучание родом из песни Primary в исполнении The Cure.\r\n\r\nМожно ли в данном случае говорить о плагиате? Я бы не стал…\r\n\r\nРелиз песни «Мама, мы все сошли с ума»\r\nТретьего июня 1987 года группа «Кино» впервые исполнила песню перед публикой, выступая на пятом фестивале Ленинградского рок-клуба. Пятого января 1988 года вышел студийный альбом «Группа крови» с треком «Мама, мы все сошли с ума».", "track": "songs/2022/11/19/В._Цой_Кино_-_Мама_мы_все_тяжело_больны.mp3", "slug": "mama-my-vse-tyazhelo-bolny", "written": "1988-11-19"}}, {"model": "musics.song", "pk": 12, "fields": {"created": "2022-11-19T04:37:17.558Z", "updated": "2022-11-19T04:37:17.558Z", "album": 5, "name": "Место для шага вперёд", "description": "История создания песни «Место для шага вперёд» КИНО\r\nБытует мнение, что Виктор Цой сочинил «Белые дни», находясь под впечатлением от Алма-Аты.\r\n\r\nКогда Рашида Нугманова спросили, так ли это, режиссер фильма «Игла» ответил:\r\n\r\nПро воздействие лучше всего он сам бы ответил. Если бы ответил вообще. Но могу совершенно точно сказать, что и «Звезду», и «Белые дни» (т.е. «Место для шага вперёд») написал в Алма-Ате. Знаю, потому что придумывал он их на моих глазах, на моей гитаре.\r\n\r\nЭпоха, 2002\r\n\r\nСмысл песни «Место для шага вперёд»\r\nЧитатели сайта «Йя-Хха» спросили Нугманова, мог ли Цой иметь в виду ледник Туюксу в строках о белых горах и белом льде. Отвечая на вопрос, Рашид Мусаевич поделился мнением об основной идее трека:\r\n\r\nНасколько я знаю, на Туюксу он не был. Все время, когда он бывал в Алма-Ате, мы проводили вместе, за редкими исключениями, например, когда ходил в местный ресторанчик к корейцам. Но в сторону Туюксу мы действительно ездили.\r\n\r\nЭто было во время озвучения «Иглы», где-то в марте 1988 года, наверное. Тогда приехал Петр Мамонов на озвучку, и откуда-то возникла идея съездить на Туюксу и Чимбулак (который мы называли «Шамбалой» – якобы там эта мифическая страна расположена). И вот вчетвером: Виктор, Петр, я и мой брат за рулем «Газика» отправились в поход. Заехали высоко, стало очень холодно, пасмурно, продрогли как цуцики, все одеты кое-как. Остановились, вышли облегчиться.\r\n\r\nПотом Виктор говорит, ну что, посмотрели, можно и домой. Все захохотали. Петя сказал: «Отличная поездочка». И мы двинули назад. По пути по настоянию Петра заехали к какому-то подвернувшемуся лесному обитателю в избушку. Он нас чаем напоил, и Петя долго и вдумчиво с ним о чем-то беседовал. Эта избушка и старичок ему страшно понравились.\r\n\r\nА Виктор, вполне возможно, тогда и песню придумал. Он потом впервые спел её у нас дома. Все сразу поняли, что она про Алма-Ату, а строка: «У меня есть братья, но нет родных» – это о нас с братом.\r\n\r\nЮрий Каспарян тоже рассказывал об истории создания песни «Место для шага вперёд» Виктора Цоя:\r\n\r\n«Место для шага вперёд»… Виктор по-моему в Алма-Ате написал песню, или по-крайней мере под впечатлением… Ну, Виктор же где бы не был, он привозил багаж песен, потому что у него всё время появлялись песни, мне кажется… Ну да, получилась диско-песня такая.", "track": "songs/2022/11/19/В._Цой_Кино_-_Место_для_шага_вперёд.mp3", "slug": "mesto-dlya-shaga-vperyod", "written": "1988-11-19"}}, {"model": "musics.song", "pk": 13, "fields": {"created": "2022-11-19T04:39:20.701Z", "updated": "2022-11-19T04:39:20.701Z", "album": 6, "name": "Последний герой", "description": "Слова и музыку «Последнего героя» написал Виктор Цой. Он не любил рассказывать, о чем его творения, оставляя слушателям пищу для размышлений. Основную идею данной песни автор также не разъяснял, но утверждал, что не имел в виду себя:\r\n\r\nЭто, конечно, в песне герой такой. Много таких есть. Нет, не «любер», но, может быть, также и «любер». Это просто независимый человек. Или который хочет быть таким. Или ему кажется. Но это не я. Я не герой.\r\n\r\nАлма-Ата, 1989\r\n\r\nИзначально песня открывала пластинку «Начальник Камчатки», изданную в 1984 году. Через пару лет она вошла в альбом «Ночь». Виктор Цой прокомментировал это решение следующим образом:\r\n\r\nЕсть еще один альбом [«Ночь»], но пока он не сведен окончательно. Туда как раз войдет фестивальная программа и, может быть, «Последний герой». Хоть этот номер и записан на «Камчатке» с «модным» ныне звуком, но все же не показывает энергетических возможностей этой песни.\r\nРокси, 1985\r\n\r\nКроме того, она была включена в упомянутый выше альбом «Последний герой» и сборник «Неизвестные песни Виктора Цоя», где звучит ранняя версия композиции.\r\n\r\nКлип «Последний герой» КИНО\r\nОфициального видеоклипа к песне «Последний герой» нет. Посмотрим запись с концертного выступления группы «Кино» на «Олимпийском» в 1990 году.", "track": "songs/2022/11/19/В._Цой_Кино_-_Последний_герой.mp3", "slug": "poslednij-geroj", "written": "1984-11-19"}}, {"model": "musics.song", "pk": 14, "fields": {"created": "2022-11-19T04:41:02.253Z", "updated": "2022-11-19T04:41:02.253Z", "album": 5, "name": "Стук", "description": "Роль в концепции альбома «Звезда по имени Солнце»\r\nОсновная роль песни в альбоме заключается в пути, который приобретает дополнительную коннотацию. Движение героя никто не направляет. Он самостоятельно принимает решение идти дальше по выбранному пути и дойти до конца. Более того, он осознает, что ждет его в конце пути. Обернусь на пороге — не что иное, как прощание навсегда. Поэт выбирает именно железную дорогу. Синтаксический параллелизм, вновь используемый Цоем, утверждает мысль о том, что герой уже проходил этот путь. Он ощущает неизбежность близкого финала своей жизненной дороги, неизбежность смерти[2].\r\n\r\nСаундтрек\r\nВ 2001 году песня вошла в саундтрек художественного фильма Сергея Бодрова-младшего «Сестры»[1]. Из кадров картины был смонтирован тематический ролик[3], в котором использовалась звуковая дорожка рассматриваемой песни.\r\n\r\nВидеоклип\r\nВ 1989 году на композицию был снят видеоклип. Его производством занималась съёмочная группа программы «Взгляд». В то же время были сняты ролики «Звезда по имени Солнце», «Песня без слов» и «Пачка сигарет». Все они выдержаны в едином ключе и практически не отличаются друг от друга в плане светового решения, декораций и сюжета.", "track": "songs/2022/11/19/В._Цой_Кино_-_Стук.mp3", "slug": "stuk", "written": "1988-11-19"}}, {"model": "musics.song", "pk": 15, "fields": {"created": "2022-11-19T15:54:12.700Z", "updated": "2022-11-19T15:54:12.700Z", "album": 7, "name": "Видели ночь", "description": "Отнюдь не все истинные фанаты Виктора Цоя назовут песню «Видели ночь» в числе своих любимых произведений группы «Кино». Одним кажется слишком легкомысленным текст. Другие считают, что музыка не соответствует духу русского рока. Третьи обвиняют автора в плагиате, указывая на творчество одного знаменитого британского коллектива.\r\n\r\nНо массовая аудитория любит эту композицию. Во многом, ее популярности способствовала запоминающаяся кавер-версия из трибьют-альбома «КИНОпробы».\r\n\r\nИстория создания песни «Видели ночь» Цоя\r\nСлова и музыку написал Виктор Цой. Точную дату создания песни история не сохранила, но известно, что в 1984 году автор играл «Видели ночь» на квартирниках.\r\n\r\n\r\n\r\nТрек открывает альбом «Ночь» рок-группы «Кино», записанный в 1985 году на студии «АнТроп» Андрея Тропилло. Массовая аудитория сначала услышала его на кассетах.\r\n\r\nВ 1988 году альбом на пластинке выпустила фирма «Мелодия», даже не заручившись согласием музыкантов.\r\n\r\nСмысл песни «Видели ночь» КИНО\r\nО чем песня «Видели ночь» Виктора Цоя? Автор основную идею произведения не разъяснял, но поклонникам его творчества хорошо известно, что он очень любил ночь и посвятил ей несколько музыкальных композиций.\r\n\r\n\r\n\r\nАлексей Рыбин во втором томе «Энциклопедии КИНО» описал «Видели ночь» так:\r\n\r\nОдна из поэтических деклараций движения «новые романтики», к которому причисляли себя члены группы КИНО.\r\n\r\nНапомним читателям, что речь идет о музыкальном направлении течения «новой волны», зародившемся в Великобритании.\r\n\r\nКлип «Видели ночь» – КИНО\r\nДжоанна Стингрей помогла создать музыкальное видео к песне «Видели ночь». Съемки проходили в декабре 1985 года в Ленинграде. Тимур Новиков вспоминал, что в клипе увековечен двор его мастерской.\r\n\r\n\r\n\r\nЮрий Каспарян рассказывал, почему его нет в ролике:\r\n\r\n…устроился в котельную, но промахнулся. Котельная была не тихая, а пять котлов с трёхэтажный дом, за которыми следить нужно было. И график там был не сутки через трое. Поэтому, в частности, я не снялся в Джоаннином клипе «Видели ночь», о чём жалею до сих пор. Это тот, где Цой соло на дереве играет. Все ребята веселились, а я работал.\r\n\r\nFUZZ, 2005\r\n\r\nКавер-версии\r\nДля проекта «КИНОпробы» песню «Видели ночь» сыграла группа Zdob Si Zdub. Организаторы сами предложили музыкантам этот трек, и те не стали отказываться.\r\n\r\nРоман Ягулов прокомментировал кавер:\r\n\r\nПо-моему, прикол в том, чтобы сделать все по-своему. Вот версия Земфиры мне очень понравилась, потому что она придумала отличную кельтскую обработку. Я совершенно случайно услышал цыганское трио в одном ресторане и потом неделю туда ходил и даже пел вместе с ними. Так и появилась идея записать песню «Видели Ночь» с этим трио. Двойная такая фишка — во-первых, аранжировка сама по себе, а во-вторых, «видели ночь, гуляли всю ночь до утра», естественно, без цыган никак не может быть даже в Питере.\r\n\r\nПублика восприняла их версию на ура, и песня стала визитной карточкой группы.\r\n\r\n«Видели ночь» всегда в тему, она очень хорошо вписалась в нашу и без того эклектичную и энергичную музыку, без этой песни не обходится, практически, ни один наш концерт, где бы мы не выступали. Эта песня изменила нас – мы очень быстро смогли перейти на новый уровень, превратившись из андерграундных молдавских артистов в востребованных на всех известных мировых сценах в музыкальной индустрии и помогла сделать наш молдавский хардкор узнаваемым.\r\n\r\nМихай Гынку, zdob-si-zdub.com\r\n\r\nВнезапно узнаём, что песня в чартах и нам ее необходимо играть на «Кинопробах» в Олимпийском. Но играть мы ее не умели! Тогда мы такую музыку вообще не играли, так что пришлось учиться…\r\n\r\nА потом были «Кинопробы» и «Олимпийский» пел хором! Песня звучала отовсюду, казалось, что из каждого утюга доносилось «видели ночь, гуляли всю ночь до утра!» После этого у Здубов начались настоящие гастроли! Так получилось, что эта песня изменила нашу судьбу!", "track": "songs/2022/11/19/Кино_-_Видели_ночь.mp3", "slug": "videli-noch", "written": "1986-11-19"}}, {"model": "musics.song", "pk": 16, "fields": {"created": "2022-11-19T15:58:33.137Z", "updated": "2022-11-19T15:58:33.137Z", "album": 8, "name": "Кончится лето", "description": "История создания\r\nПесня была написана в числе других, вошедших позднее в «Чёрный альбом», весной 1990 года, на квартире Наталии Разлоговой в московском районе Беляево, где тогда жили Виктор с Наталией. Запись осуществлялась на бытовой магнитофон под акустическую гитару. Впоследствии часть этой записи с неполным первым куплетом была опубликована в 2018 году.\r\n\r\nЗапись для будущего альбома летом 1990 года осуществлялась на портостудии «Yamaha» в посёлке Плиеньциемс под Юрмалой. В блокноте Виктора есть набросок трек-листа, в котором песня имеет название «Жду ответа». После гибели Цоя запись была доработана и вышла на «Чёрном альбоме» в январе 1991 года.\r\n\r\nИзвестен также черновой вариант сведения песни, вышедший в 2002 году на «Белом альбоме».\r\n\r\nАнализ песни\r\nПо словам Е. И. Шаджановой, песня «Кончится лето» («Жду ответа»), как и все песни «Чёрного альбома», пронизана ожиданием и предчувствием смерти. В этой песне, как отмечает Шаджанова, посредством того, что движение сменяется статикой, реализуется и развивается семантика концепта «путь». В том, что внешние стимулы к действию не работают, а внутренних нет (двигаться дальше не имеет смысла и нет возможности вернуться назад), и заключается, по мнению Шаджановой, первый значимый момент для интерпретации концепта «путь»[1].\r\n\r\n\r\nРукопись песни\r\nГерой песни, по словам Шаджановой, чувствует, что зашёл в тупик или завершил свой путь, потеряв свой внутренний стимул. В последних же строках припева («…Я жду ответа. // Больше надежд нету. // Скоро кончится лето. // Это...»), как пишет Шаджанова, сосредоточено чувство приближения смерти[1]. А тот факт, что Цой погиб на дороге этим же летом (15 августа 1990 года) автор называет символичным. Для лидера группы «Кино» это лето на самом деле стало последним[2].\r\n\r\nСамо пространство, в котором существует герой песни, согласно Шаджановой, смыкается вокруг него, заключая последнего в центре замкнутого цикла («...и так идут за годом год», «в сотый раз...»). Из-за этого ощущения, герой снова чувствует себя в безысходности и неуверенности («может, будет хоть день...»), от которого, казалось бы, он освободился. Шаджанова предполагает, что именно это изменение связано с ощущением приближения смерти, преследовавшим Цоя («жизнь пройдёт»)[3].\r\n\r\nПо словам Н. К. Неждановой, песня «Кончится лето» («Жду ответа») пронизана иронией. Само существование в покое описано в песне иронично: «День едим, а три пьём // И, в общем, весело живём». Фраза «Дождь за окном» в песне говорит о существовании другого мира, где благополучие безнравственно. Герою Виктора Цоя дождь ближе, это его погода[4].", "track": "songs/2022/11/19/Кино_-_Кончится_лето.mp3", "slug": "konchitsya-leto", "written": "1991-11-19"}}, {"model": "musics.song", "pk": 17, "fields": {"created": "2022-11-19T16:03:08.632Z", "updated": "2022-11-19T16:03:08.632Z", "album": 9, "name": "Всё, что тебя касается", "description": "Интересные факты\r\nПесня группы «Звери» «Все, что тебя касается» является одной из визитных карточек коллектива. На нее также снят клип. Режиссер – Александр Войтинский. Главную женскую роль исполнила Анастасия Цветаева.\r\n\r\nЗвери – Все, что тебя касается – текст\r\nТакие маленькие телефоны,\r\nТакие маленькие перемены,\r\nЗаконы Ома еще не знакомы,\r\nВ таких ботинках моря поколено,\r\nНе надо думать, что все обойдется,\r\nНе напрягайся, не думай об этом,\r\nВсе будет круто, все перевернется,\r\nА-а-а-а-а-а-а-а-а-а.\r\n\r\nВсе, что тебя касается,\r\nВсе, что меня касается,\r\nВсе только начинается,\r\nНачинается.\r\n\r\nКакие мысли, какие сюжеты,\r\nЕще чуть-чуть и посыпятся звезды,\r\nВ карманах медленно тают конфеты.\r\nМы понимаем, что это серьезно,\r\nНе надо думать, что все обойдется,\r\nНе напрягайся, не думай об этом,\r\nВсе будет круто, все перевернется,\r\nА-а-а-а-а-а-а-а-а-а.\r\n\r\nВсе, что тебя касается,\r\nВсе, что меня касается,\r\nВсе только начинается,\r\nНачинается.\r\n\r\nТы задеваешь меня за живое,\r\nДавай сейчас, а потом еще ночью,\r\nТы будешь рядом, ты будешь со мною\r\nИ между нами любовь – это точно.\r\nНе надо думать, что все обойдется,\r\nНе напрягайся, не думай об этом,\r\nВсе будет круто, все перевернется,\r\nА-а-а-а-а-а-а-а-а-а.\r\n\r\nВсе, что тебя касается,\r\nВсе, что меня касается,\r\nВсе только начинается,\r\nНачинается.", "track": "songs/2022/11/19/Звери_-_Все_что_тебя_касается.mp3", "slug": "vsyo-chto-tebya-kasaetsya", "written": "2004-11-19"}}, {"model": "musics.album", "pk": 1, "fields": {"created": "2022-10-21T07:55:22.317Z", "updated": "2022-10-21T07:55:22.317Z", "name": "Скалолазка", "slug": "skalolazka", "image": "album_covers/2022/10/21/vys_skalolazka_8Ato3TH.jpg", "genre": 1, "artist_type": 9, "artist_id": 1, "is_single": true, "released": "1967-01-01"}}, {"model": "musics.album", "pk": 2, "fields": {"created": "2022-10-21T08:03:37.829Z", "updated": "2022-10-21T08:03:37.829Z", "name": "Письмо в редакцию", "slug": "pismo-v-redakciyu", "image": "album_covers/2022/10/21/icons8-play.gif", "genre": 1, "artist_type": 9, "artist_id": 1, "is_single": true, "released": "2022-10-21"}}, {"model": "musics.album", "pk": 3, "fields": {"created": "2022-10-27T09:52:50.585Z", "updated": "2022-10-27T09:52:50.585Z", "name": "Группа крови", "slug": "gruppa-krovi", "image": "album_covers/2022/10/27/play-button.png", "genre": 2, "artist_type": 11, "artist_id": 1, "is_single": false, "released": "2022-10-27"}}, {"model": "musics.album", "pk": 4, "fields": {"created": "2022-10-30T03:38:54.394Z", "updated": "2022-10-30T03:38:54.394Z", "name": "non edible sounds", "slug": "non-edible-sounds", "image": "album_covers/2022/10/30/загруженное.jpg", "genre": 3, "artist_type": 9, "artist_id": 3, "is_single": false, "released": "2021-12-27"}}, {"model": "musics.album", "pk": 5, "fields": {"created": "2022-11-19T04:23:36.964Z", "updated": "2022-11-19T04:23:36.964Z", "name": "Звезда по имени Солнце", "slug": "zvezda-po-imeni-solnce", "image": "album_covers/2022/11/19/zvezda_po_imeni_solnce_kino_1_lp_moroz_records_rossiya.jpg", "genre": 2, "artist_type": 11, "artist_id": 1, "is_single": false, "released": "1989-11-19"}}, {"model": "musics.album", "pk": 6, "fields": {"created": "2022-11-19T04:39:16.878Z", "updated": "2022-11-19T04:39:16.878Z", "name": "Ночь", "slug": "noch", "image": "album_covers/2022/11/19/Кино._1986._Ночь.jpg", "genre": 2, "artist_type": 11, "artist_id": 1, "is_single": false, "released": "1985-11-19"}}, {"model": "musics.album", "pk": 7, "fields": {"created": "2022-11-19T15:53:47.509Z", "updated": "2022-11-19T15:53:47.509Z", "name": "Ночь", "slug": "noch", "image": "album_covers/2022/11/19/30bb1c7c9ebf57a5c2c24f913f6bbcd4-1240x.jpg", "genre": 2, "artist_type": 11, "artist_id": 1, "is_single": false, "released": "1986-11-19"}}, {"model": "musics.album", "pk": 8, "fields": {"created": "2022-11-19T15:58:10.039Z", "updated": "2022-11-19T15:58:10.039Z", "name": "Чёрный альбом", "slug": "chyornyj-albom", "image": "album_covers/2022/11/19/30bb1c7c9ebf57a5c2c24f913f6bbcd4-1240x_KNrGMkW.jpg", "genre": 2, "artist_type": 11, "artist_id": 1, "is_single": false, "released": "1991-11-19"}}, {"model": "musics.album", "pk": 9, "fields": {"created": "2022-11-19T16:02:50.514Z", "updated": "2022-11-19T16:02:50.514Z", "name": "Районы-кварталы", "slug": "rajony-kvartaly", "image": "album_covers/2022/11/19/rus_brit_pop09.jpg", "genre": 2, "artist_type": 11, "artist_id": 2, "is_single": false, "released": "2004-01-01"}}, {"model": "musics.genre", "pk": 1, "fields": {"name": "Авторская песня", "slug": "avtorskaya-pesnya"}}, {"model": "musics.genre", "pk": 2, "fields": {"name": "Рок", "slug": "rok"}}, {"model": "musics.genre", "pk": 3, "fields": {"name": "Блюз", "slug": "blyuz"}}, {"model": "payments.discount", "pk": 1, "fields": {"start": "2022-11-04T00:00:00Z", "end": "2022-11-11T00:00:00Z", "created": "2022-11-04T09:23:58.129Z", "updated": "2022-11-04T09:23:58.129Z", "title": "Чёрная пятница", "description": "Улётные скидки на Musify!", "percent": 40}}, {"model": "payments.discount", "pk": 2, "fields": {"start": "2022-11-04T09:26:52Z", "end": "2022-11-04T09:26:53Z", "created": "2022-11-04T09:26:55.185Z", "updated": "2022-11-04T09:26:55.185Z", "title": "Промо-акция 50", "description": "Скидка для промокодов", "percent": 50}}, {"model": "payments.discount", "pk": 7, "fields": {"start": "2022-11-08T05:19:54Z", "end": "2022-11-08T12:00:00Z", "created": "2022-11-08T05:42:53.760Z", "updated": "2022-11-08T05:59:56.626Z", "title": "Супер-ультра скидка", "description": "Топовая скидка только на Musify!", "percent": 4}}, {"model": "payments.promo", "pk": 1, "fields": {"start": "2022-11-04T09:26:57Z", "end": "2022-12-02T09:27:03Z", "created": "2022-11-04T09:27:07.435Z", "updated": "2022-11-04T09:27:07.435Z", "discount": 2, "promo": "KHUVqe3n6YSUXNddUXaSL4jHuj2dxzzD7VUZ0D7ZGnOreGuX2kfb9SrcxNCSLEMy", "is_active": true}}, {"model": "payments.premiumtype", "pk": 1, "fields": {"type": "Начинающий меломан", "level": 1, "public_playlists": 4, "private_playlists": 2, "songs_per_playlist": 75, "created": "2022-11-04T09:25:21.471Z", "updated": "2022-11-07T08:46:27.436Z"}}, {"model": "payments.premiumtype", "pk": 2, "fields": {"type": "Бесплатный", "level": 0, "public_playlists": 2, "private_playlists": 1, "songs_per_playlist": 50, "created": "2022-11-04T12:43:16.020Z", "updated": "2022-11-07T08:46:07.127Z"}}, {"model": "payments.premium", "pk": 1, "fields": {"name": "Новичок в мире музыки", "description": "Этот тип премиум-аккаунта подойдёт для тех, кто любит изредка слушать музыку", "type": 2, "months": 0, "discount": null, "price": "0.00", "created": "2022-11-04T09:25:53.511Z", "updated": "2022-11-10T16:37:20.492Z"}}, {"model": "payments.premium", "pk": 2, "fields": {"name": "Любитель музыки", "description": "Подойдёт для тех, кто только начинает коллекционировать музыку", "type": 1, "months": 3, "discount": 1, "price": "200.00", "created": "2022-11-07T09:37:31.744Z", "updated": "2022-11-07T09:37:31.744Z"}}, {"model": "payments.receipt", "pk": 1, "fields": {"premium": 1, "owner": 1, "discount": 1, "price": "500.00", "transaction_date": "2022-11-04T15:39:17.639Z", "premium_end_date": "2023-02-02T15:39:17.636Z"}}, {"model": "payments.receipt", "pk": 2, "fields": {"premium": 1, "owner": 10, "discount": 1, "price": "200.00", "transaction_date": "2022-11-07T09:33:28.436Z", "premium_end_date": "2023-02-05T09:33:28.434Z"}}, {"model": "payments.receipt", "pk": 3, "fields": {"premium": 1, "owner": 1, "discount": null, "price": "0.00", "transaction_date": "2022-11-10T16:08:02.832Z", "premium_end_date": "2022-11-10T16:08:02.832Z"}}, {"model": "payments.receipt", "pk": 4, "fields": {"premium": 1, "owner": 1, "discount": null, "price": "0.00", "transaction_date": "2022-11-10T16:12:14.586Z", "premium_end_date": "2022-11-10T16:12:14.586Z"}}, {"model": "payments.receipt", "pk": 5, "fields": {"premium": 1, "owner": 1, "discount": null, "price": "0.00", "transaction_date": "2022-11-10T16:12:34.450Z", "premium_end_date": "2022-11-10T16:12:34.450Z"}}, {"model": "payments.receipt", "pk": 6, "fields": {"premium": 1, "owner": 1, "discount": null, "price": "0.00", "transaction_date": "2022-11-10T16:13:39.873Z", "premium_end_date": "2022-11-10T16:13:39.872Z"}}, {"model": "payments.receipt", "pk": 7, "fields": {"premium": 1, "owner": 1, "discount": null, "price": "0.00", "transaction_date": "2022-11-10T16:15:07.278Z", "premium_end_date": "2022-11-10T16:15:07.278Z"}}, {"model": "payments.receipt", "pk": 8, "fields": {"premium": 1, "owner": 1, "discount": null, "price": "0.00", "transaction_date": "2022-11-10T16:18:35.407Z", "premium_end_date": "2022-11-10T16:18:35.406Z"}}, {"model": "payments.receipt", "pk": 9, "fields": {"premium": 1, "owner": 1, "discount": null, "price": "0.00", "transaction_date": "2022-11-10T16:22:38.101Z", "premium_end_date": "2022-11-10T16:22:38.101Z"}}, {"model": "payments.receipt", "pk": 10, "fields": {"premium": 1, "owner": 1, "discount": null, "price": "0.00", "transaction_date": "2022-11-10T16:24:48.555Z", "premium_end_date": "2022-11-10T16:24:48.555Z"}}, {"model": "payments.receipt", "pk": 11, "fields": {"premium": 1, "owner": 1, "discount": null, "price": "0.00", "transaction_date": "2022-11-10T16:25:13.956Z", "premium_end_date": "2022-11-10T16:25:13.956Z"}}, {"model": "payments.receipt", "pk": 12, "fields": {"premium": 1, "owner": 1, "discount": null, "price": "0.00", "transaction_date": "2022-11-10T16:26:00.560Z", "premium_end_date": "2022-11-10T16:26:00.560Z"}}, {"model": "payments.receipt", "pk": 13, "fields": {"premium": 1, "owner": 1, "discount": null, "price": "0.00", "transaction_date": "2022-11-10T16:30:20.122Z", "premium_end_date": "2022-11-10T16:30:20.122Z"}}, {"model": "payments.receipt", "pk": 14, "fields": {"premium": 1, "owner": 1, "discount": null, "price": "0.00", "transaction_date": "2022-11-10T16:31:30.506Z", "premium_end_date": "2022-11-10T16:31:30.506Z"}}, {"model": "payments.receipt", "pk": 15, "fields": {"premium": 1, "owner": 1, "discount": null, "price": "0.00", "transaction_date": "2022-11-10T16:33:07.080Z", "premium_end_date": "2022-11-10T16:33:07.080Z"}}, {"model": "payments.receipt", "pk": 16, "fields": {"premium": 1, "owner": 1, "discount": null, "price": "0.00", "transaction_date": "2022-11-10T16:34:24.390Z", "premium_end_date": "2022-11-10T16:34:24.390Z"}}, {"model": "payments.receipt", "pk": 17, "fields": {"premium": 1, "owner": 1, "discount": null, "price": "0.00", "transaction_date": "2022-11-10T16:36:12.585Z", "premium_end_date": "2022-11-10T16:36:12.584Z"}}, {"model": "payments.receipt", "pk": 18, "fields": {"premium": 1, "owner": 1, "discount": null, "price": "0.00", "transaction_date": "2022-11-10T16:37:09.395Z", "premium_end_date": "2023-07-08T16:37:09.395Z"}}, {"model": "payments.receipt", "pk": 19, "fields": {"premium": 2, "owner": 1, "discount": 1, "price": "200.00", "transaction_date": "2022-11-19T03:25:15.686Z", "premium_end_date": "2023-02-17T03:25:15.686Z"}}, {"model": "payments.receipt", "pk": 20, "fields": {"premium": 1, "owner": 9, "discount": null, "price": "0.00", "transaction_date": "2022-11-19T16:27:45.147Z", "premium_end_date": "2022-11-19T16:30:50.882Z"}}, {"model": "payments.receipt", "pk": 21, "fields": {"premium": 1, "owner": 11, "discount": null, "price": "0.00", "transaction_date": "2022-11-19T16:33:54.954Z", "premium_end_date": "2022-11-19T16:33:54.952Z"}}, {"model": "admin.logentry", "pk": 1, "fields": {"action_time": "2022-10-21T07:55:14.943Z", "user": 1, "content_type": 8, "object_id": "1", "object_repr": "Авторская песня", "action_flag": 1, "change_message": "[{\"added\": {}}]"}}, {"model": "admin.logentry", "pk": 2, "fields": {"action_time": "2022-10-21T07:55:22.320Z", "user": 1, "content_type": 7, "object_id": "1", "object_repr": "Сингл", "action_flag": 1, "change_message": "[{\"added\": {}}]"}}, {"model": "admin.logentry", "pk": 3, "fields": {"action_time": "2022-10-21T07:56:57.500Z", "user": 1, "content_type": 10, "object_id": "1", "object_repr": "Скалолазка", "action_flag": 1, "change_message": "[{\"added\": {}}]"}}, {"model": "admin.logentry", "pk": 4, "fields": {"action_time": "2022-10-21T07:58:28.291Z", "user": 1, "content_type": 9, "object_id": "1", "object_repr": "Высоцкий В.С.", "action_flag": 1, "change_message": "[{\"added\": {}}]"}}, {"model": "admin.logentry", "pk": 5, "fields": {"action_time": "2022-10-21T08:03:37.833Z", "user": 1, "content_type": 7, "object_id": "2", "object_repr": "Сингл", "action_flag": 1, "change_message": "[{\"added\": {}}]"}}, {"model": "admin.logentry", "pk": 6, "fields": {"action_time": "2022-10-21T08:04:08.499Z", "user": 1, "content_type": 10, "object_id": "2", "object_repr": "Письмо в редакцию", "action_flag": 1, "change_message": "[{\"added\": {}}]"}}, {"model": "admin.logentry", "pk": 7, "fields": {"action_time": "2022-10-26T09:32:36.036Z", "user": 1, "content_type": 1, "object_id": "2", "object_repr": "shtyasek2003", "action_flag": 3, "change_message": ""}}, {"model": "admin.logentry", "pk": 8, "fields": {"action_time": "2022-10-26T14:25:54.783Z", "user": 1, "content_type": 1, "object_id": "4", "object_repr": "matthewgiovannini2003", "action_flag": 3, "change_message": ""}}, {"model": "admin.logentry", "pk": 9, "fields": {"action_time": "2022-10-26T14:33:09.511Z", "user": 1, "content_type": 1, "object_id": "5", "object_repr": "matthewgiovannini2003", "action_flag": 3, "change_message": ""}}, {"model": "admin.logentry", "pk": 10, "fields": {"action_time": "2022-10-26T14:36:58.282Z", "user": 1, "content_type": 1, "object_id": "6", "object_repr": "matthewgiovannini2003", "action_flag": 3, "change_message": ""}}, {"model": "admin.logentry", "pk": 11, "fields": {"action_time": "2022-10-26T14:38:19.853Z", "user": 1, "content_type": 1, "object_id": "7", "object_repr": "matthewgiovannini2003", "action_flag": 3, "change_message": ""}}, {"model": "admin.logentry", "pk": 12, "fields": {"action_time": "2022-10-26T14:41:00.154Z", "user": 1, "content_type": 1, "object_id": "8", "object_repr": "matthewgiovannini2003", "action_flag": 3, "change_message": ""}}, {"model": "admin.logentry", "pk": 13, "fields": {"action_time": "2022-10-27T09:51:15.478Z", "user": 1, "content_type": 9, "object_id": "2", "object_repr": "Цой В.Р.", "action_flag": 1, "change_message": "[{\"added\": {}}]"}}, {"model": "admin.logentry", "pk": 14, "fields": {"action_time": "2022-10-27T09:51:45.880Z", "user": 1, "content_type": 11, "object_id": "1", "object_repr": "КИНО", "action_flag": 1, "change_message": "[{\"added\": {}}]"}}, {"model": "admin.logentry", "pk": 15, "fields": {"action_time": "2022-10-27T09:52:41.325Z", "user": 1, "content_type": 8, "object_id": "2", "object_repr": "Рок", "action_flag": 1, "change_message": "[{\"added\": {}}]"}}, {"model": "admin.logentry", "pk": 16, "fields": {"action_time": "2022-10-27T09:52:50.589Z", "user": 1, "content_type": 7, "object_id": "3", "object_repr": "Группа крови", "action_flag": 1, "change_message": "[{\"added\": {}}]"}}, {"model": "admin.logentry", "pk": 17, "fields": {"action_time": "2022-10-27T09:54:31.255Z", "user": 1, "content_type": 10, "object_id": "3", "object_repr": "Группа крови", "action_flag": 1, "change_message": "[{\"added\": {}}]"}}, {"model": "admin.logentry", "pk": 18, "fields": {"action_time": "2022-10-30T03:20:49.535Z", "user": 1, "content_type": 14, "object_id": "9", "object_repr": "1111", "action_flag": 3, "change_message": ""}}, {"model": "admin.logentry", "pk": 19, "fields": {"action_time": "2022-10-30T03:20:49.685Z", "user": 1, "content_type": 14, "object_id": "10", "object_repr": "11111", "action_flag": 3, "change_message": ""}}, {"model": "admin.logentry", "pk": 20, "fields": {"action_time": "2022-10-30T03:20:49.813Z", "user": 1, "content_type": 14, "object_id": "5", "object_repr": "Test", "action_flag": 3, "change_message": ""}}, {"model": "admin.logentry", "pk": 21, "fields": {"action_time": "2022-10-30T03:20:49.949Z", "user": 1, "content_type": 14, "object_id": "6", "object_repr": "Test1", "action_flag": 3, "change_message": ""}}, {"model": "admin.logentry", "pk": 22, "fields": {"action_time": "2022-10-30T03:20:50.070Z", "user": 1, "content_type": 14, "object_id": "4", "object_repr": "Test11", "action_flag": 3, "change_message": ""}}, {"model": "admin.logentry", "pk": 23, "fields": {"action_time": "2022-10-30T03:20:50.154Z", "user": 1, "content_type": 14, "object_id": "7", "object_repr": "Test111", "action_flag": 3, "change_message": ""}}, {"model": "admin.logentry", "pk": 24, "fields": {"action_time": "2022-10-30T03:20:50.279Z", "user": 1, "content_type": 14, "object_id": "8", "object_repr": "Test11111", "action_flag": 3, "change_message": ""}}, {"model": "admin.logentry", "pk": 25, "fields": {"action_time": "2022-10-30T03:20:50.400Z", "user": 1, "content_type": 14, "object_id": "3", "object_repr": "Тестовый плейлист", "action_flag": 3, "change_message": ""}}, {"model": "admin.logentry", "pk": 26, "fields": {"action_time": "2022-10-30T03:31:23.668Z", "user": 1, "content_type": 9, "object_id": "3", "object_repr": "неизвестно o.о.", "action_flag": 1, "change_message": "[{\"added\": {}}]"}}, {"model": "admin.logentry", "pk": 27, "fields": {"action_time": "2022-10-30T03:35:07.959Z", "user": 1, "content_type": 9, "object_id": "3", "object_repr": "неизвестно o.", "action_flag": 2, "change_message": "[{\"changed\": {\"fields\": [\"\\u041e\\u0442\\u0447\\u0435\\u0441\\u0442\\u0432\\u043e\"]}}]"}}, {"model": "admin.logentry", "pk": 28, "fields": {"action_time": "2022-10-30T03:38:26.631Z", "user": 1, "content_type": 8, "object_id": "3", "object_repr": "Блюз", "action_flag": 1, "change_message": "[{\"added\": {}}]"}}, {"model": "admin.logentry", "pk": 29, "fields": {"action_time": "2022-10-30T03:38:54.399Z", "user": 1, "content_type": 7, "object_id": "4", "object_repr": "non edible sounds", "action_flag": 1, "change_message": "[{\"added\": {}}]"}}, {"model": "admin.logentry", "pk": 30, "fields": {"action_time": "2022-10-30T03:39:26.890Z", "user": 1, "content_type": 10, "object_id": "4", "object_repr": "tabulation I.", "action_flag": 1, "change_message": "[{\"added\": {}}]"}}, {"model": "admin.logentry", "pk": 31, "fields": {"action_time": "2022-10-30T03:39:52.367Z", "user": 1, "content_type": 10, "object_id": "5", "object_repr": "tabulation II", "action_flag": 1, "change_message": "[{\"added\": {}}]"}}, {"model": "admin.logentry", "pk": 32, "fields": {"action_time": "2022-10-30T03:40:12.288Z", "user": 1, "content_type": 10, "object_id": "6", "object_repr": "tabulation III", "action_flag": 1, "change_message": "[{\"added\": {}}]"}}, {"model": "admin.logentry", "pk": 33, "fields": {"action_time": "2022-10-30T03:40:36.857Z", "user": 1, "content_type": 10, "object_id": "7", "object_repr": "lovely bluesy ditty", "action_flag": 1, "change_message": "[{\"added\": {}}]"}}, {"model": "admin.logentry", "pk": 34, "fields": {"action_time": "2022-10-30T03:40:52.953Z", "user": 1, "content_type": 10, "object_id": "8", "object_repr": "failures", "action_flag": 1, "change_message": "[{\"added\": {}}]"}}, {"model": "admin.logentry", "pk": 35, "fields": {"action_time": "2022-10-30T10:13:18.526Z", "user": 1, "content_type": 15, "object_id": "1", "object_repr": "News object (1)", "action_flag": 1, "change_message": "[{\"added\": {}}]"}}, {"model": "admin.logentry", "pk": 36, "fields": {"action_time": "2022-10-30T18:41:04.787Z", "user": 1, "content_type": 16, "object_id": "11", "object_repr": "Comment object (11)", "action_flag": 3, "change_message": ""}}, {"model": "admin.logentry", "pk": 37, "fields": {"action_time": "2022-10-30T18:41:05.052Z", "user": 1, "content_type": 16, "object_id": "10", "object_repr": "Comment object (10)", "action_flag": 3, "change_message": ""}}, {"model": "admin.logentry", "pk": 38, "fields": {"action_time": "2022-10-30T18:41:05.422Z", "user": 1, "content_type": 16, "object_id": "9", "object_repr": "Comment object (9)", "action_flag": 3, "change_message": ""}}, {"model": "admin.logentry", "pk": 39, "fields": {"action_time": "2022-10-30T18:41:05.815Z", "user": 1, "content_type": 16, "object_id": "8", "object_repr": "Comment object (8)", "action_flag": 3, "change_message": ""}}, {"model": "admin.logentry", "pk": 40, "fields": {"action_time": "2022-10-30T18:41:06.242Z", "user": 1, "content_type": 16, "object_id": "7", "object_repr": "Comment object (7)", "action_flag": 3, "change_message": ""}}, {"model": "admin.logentry", "pk": 41, "fields": {"action_time": "2022-10-30T18:41:06.362Z", "user": 1, "content_type": 16, "object_id": "6", "object_repr": "Comment object (6)", "action_flag": 3, "change_message": ""}}, {"model": "admin.logentry", "pk": 42, "fields": {"action_time": "2022-10-30T18:41:06.671Z", "user": 1, "content_type": 16, "object_id": "5", "object_repr": "Comment object (5)", "action_flag": 3, "change_message": ""}}, {"model": "admin.logentry", "pk": 43, "fields": {"action_time": "2022-10-30T18:41:06.848Z", "user": 1, "content_type": 16, "object_id": "4", "object_repr": "Comment object (4)", "action_flag": 3, "change_message": ""}}, {"model": "admin.logentry", "pk": 44, "fields": {"action_time": "2022-10-30T18:41:06.947Z", "user": 1, "content_type": 16, "object_id": "3", "object_repr": "Comment object (3)", "action_flag": 3, "change_message": ""}}, {"model": "admin.logentry", "pk": 45, "fields": {"action_time": "2022-10-30T18:41:07.067Z", "user": 1, "content_type": 16, "object_id": "2", "object_repr": "Comment object (2)", "action_flag": 3, "change_message": ""}}, {"model": "admin.logentry", "pk": 46, "fields": {"action_time": "2022-10-30T18:41:07.188Z", "user": 1, "content_type": 16, "object_id": "1", "object_repr": "Comment object (1)", "action_flag": 3, "change_message": ""}}, {"model": "admin.logentry", "pk": 47, "fields": {"action_time": "2022-10-30T18:43:49.709Z", "user": 1, "content_type": 15, "object_id": "2", "object_repr": "News object (2)", "action_flag": 1, "change_message": "[{\"added\": {}}]"}}, {"model": "admin.logentry", "pk": 48, "fields": {"action_time": "2022-10-30T18:44:50.782Z", "user": 1, "content_type": 16, "object_id": "12", "object_repr": "Comment object (12)", "action_flag": 2, "change_message": "[{\"changed\": {\"fields\": [\"\\u041e\\u043f\\u0443\\u0431\\u043b\\u0438\\u043a\\u043e\\u0432\\u0430\\u043d\"]}}]"}}, {"model": "admin.logentry", "pk": 49, "fields": {"action_time": "2022-10-30T18:45:13.007Z", "user": 1, "content_type": 16, "object_id": "13", "object_repr": "Comment object (13)", "action_flag": 2, "change_message": "[{\"changed\": {\"fields\": [\"\\u041e\\u043f\\u0443\\u0431\\u043b\\u0438\\u043a\\u043e\\u0432\\u0430\\u043d\"]}}]"}}, {"model": "admin.logentry", "pk": 50, "fields": {"action_time": "2022-10-30T18:47:56.988Z", "user": 1, "content_type": 16, "object_id": "15", "object_repr": "Comment object (15)", "action_flag": 2, "change_message": "[{\"changed\": {\"fields\": [\"\\u041e\\u043f\\u0443\\u0431\\u043b\\u0438\\u043a\\u043e\\u0432\\u0430\\u043d\"]}}]"}}, {"model": "admin.logentry", "pk": 51, "fields": {"action_time": "2022-10-30T18:47:57.202Z", "user": 1, "content_type": 16, "object_id": "14", "object_repr": "Comment object (14)", "action_flag": 2, "change_message": "[{\"changed\": {\"fields\": [\"\\u041e\\u043f\\u0443\\u0431\\u043b\\u0438\\u043a\\u043e\\u0432\\u0430\\u043d\"]}}]"}}, {"model": "admin.logentry", "pk": 52, "fields": {"action_time": "2022-10-30T18:48:23.314Z", "user": 1, "content_type": 16, "object_id": "17", "object_repr": "Comment object (17)", "action_flag": 2, "change_message": "[{\"changed\": {\"fields\": [\"\\u041e\\u043f\\u0443\\u0431\\u043b\\u0438\\u043a\\u043e\\u0432\\u0430\\u043d\"]}}]"}}, {"model": "admin.logentry", "pk": 53, "fields": {"action_time": "2022-10-30T18:48:23.529Z", "user": 1, "content_type": 16, "object_id": "16", "object_repr": "Comment object (16)", "action_flag": 2, "change_message": "[{\"changed\": {\"fields\": [\"\\u041e\\u043f\\u0443\\u0431\\u043b\\u0438\\u043a\\u043e\\u0432\\u0430\\u043d\"]}}]"}}, {"model": "admin.logentry", "pk": 54, "fields": {"action_time": "2022-10-31T06:18:53.414Z", "user": 1, "content_type": 16, "object_id": "18", "object_repr": "Comment object (18)", "action_flag": 2, "change_message": "[{\"changed\": {\"fields\": [\"\\u041e\\u043f\\u0443\\u0431\\u043b\\u0438\\u043a\\u043e\\u0432\\u0430\\u043d\"]}}]"}}, {"model": "admin.logentry", "pk": 55, "fields": {"action_time": "2022-10-31T10:31:51.936Z", "user": 1, "content_type": 4, "object_id": "1", "object_repr": "Редактор", "action_flag": 1, "change_message": "[{\"added\": {}}]"}}, {"model": "admin.logentry", "pk": 56, "fields": {"action_time": "2022-10-31T10:37:05.641Z", "user": 1, "content_type": 1, "object_id": "9", "object_repr": "matthewgiovannini2003", "action_flag": 2, "change_message": "[{\"changed\": {\"fields\": [\"\\u041f\\u0435\\u0440\\u0441\\u043e\\u043d\\u0430\\u043b\"]}}]"}}, {"model": "admin.logentry", "pk": 57, "fields": {"action_time": "2022-11-01T06:00:35.382Z", "user": 1, "content_type": 15, "object_id": "3", "object_repr": "News object (3)", "action_flag": 1, "change_message": "[{\"added\": {}}]"}}, {"model": "admin.logentry", "pk": 58, "fields": {"action_time": "2022-11-01T06:06:07.442Z", "user": 1, "content_type": 15, "object_id": "3", "object_repr": "aaaaaaaaaaaa", "action_flag": 3, "change_message": ""}}, {"model": "admin.logentry", "pk": 59, "fields": {"action_time": "2022-11-01T06:06:07.590Z", "user": 1, "content_type": 15, "object_id": "2", "object_repr": "dasdfasdfsad", "action_flag": 3, "change_message": ""}}, {"model": "admin.logentry", "pk": 60, "fields": {"action_time": "2022-11-01T06:09:18.813Z", "user": 1, "content_type": 15, "object_id": "4", "object_repr": "Адель установила рекорд по цене билетов на концерт", "action_flag": 1, "change_message": "[{\"added\": {}}]"}}, {"model": "admin.logentry", "pk": 61, "fields": {"action_time": "2022-11-02T07:36:53.078Z", "user": 1, "content_type": 15, "object_id": "5", "object_repr": "Мацуев и Гергиев откроют фестиваль \"Зарядье\"", "action_flag": 1, "change_message": "[{\"added\": {}}]"}}, {"model": "admin.logentry", "pk": 62, "fields": {"action_time": "2022-11-04T03:32:59.733Z", "user": 1, "content_type": 17, "object_id": "1", "object_repr": "localhost:8000", "action_flag": 2, "change_message": "[{\"changed\": {\"fields\": [\"Domain name\", \"Display name\"]}}]"}}, {"model": "admin.logentry", "pk": 63, "fields": {"action_time": "2022-11-04T05:36:48.707Z", "user": 1, "content_type": 4, "object_id": "2", "object_repr": "Пользователь", "action_flag": 1, "change_message": "[{\"added\": {}}]"}}, {"model": "admin.logentry", "pk": 64, "fields": {"action_time": "2022-11-04T05:36:59.655Z", "user": 1, "content_type": 1, "object_id": "3", "object_repr": "shtyasek2003", "action_flag": 2, "change_message": "[{\"changed\": {\"fields\": [\"Groups\"]}}]"}}, {"model": "admin.logentry", "pk": 65, "fields": {"action_time": "2022-11-04T05:37:12.991Z", "user": 1, "content_type": 1, "object_id": "9", "object_repr": "matthewgiovannini2003", "action_flag": 2, "change_message": "[{\"changed\": {\"fields\": [\"\\u041f\\u0435\\u0440\\u0441\\u043e\\u043d\\u0430\\u043b\", \"Groups\"]}}]"}}, {"model": "admin.logentry", "pk": 66, "fields": {"action_time": "2022-11-04T05:40:16.875Z", "user": 1, "content_type": 4, "object_id": "1", "object_repr": "Редактор", "action_flag": 2, "change_message": "[{\"changed\": {\"fields\": [\"Permissions\"]}}]"}}, {"model": "admin.logentry", "pk": 67, "fields": {"action_time": "2022-11-04T05:40:23.939Z", "user": 1, "content_type": 1, "object_id": "9", "object_repr": "matthewgiovannini2003", "action_flag": 2, "change_message": "[{\"changed\": {\"fields\": [\"Groups\"]}}]"}}, {"model": "admin.logentry", "pk": 68, "fields": {"action_time": "2022-11-04T09:23:58.232Z", "user": 1, "content_type": 19, "object_id": "1", "object_repr": "«Чёрная пятница» 40%", "action_flag": 1, "change_message": "[{\"added\": {}}]"}}, {"model": "admin.logentry", "pk": 69, "fields": {"action_time": "2022-11-04T09:25:21.472Z", "user": 1, "content_type": 21, "object_id": "1", "object_repr": "PremiumType object (1)", "action_flag": 1, "change_message": "[{\"added\": {}}]"}}, {"model": "admin.logentry", "pk": 70, "fields": {"action_time": "2022-11-04T09:25:53.634Z", "user": 1, "content_type": 18, "object_id": "1", "object_repr": "Новичок в мире музыки", "action_flag": 1, "change_message": "[{\"added\": {}}]"}}, {"model": "admin.logentry", "pk": 71, "fields": {"action_time": "2022-11-04T09:26:55.187Z", "user": 1, "content_type": 19, "object_id": "2", "object_repr": "«Промо-акция 50» 50%", "action_flag": 1, "change_message": "[{\"added\": {}}]"}}, {"model": "admin.logentry", "pk": 72, "fields": {"action_time": "2022-11-04T09:27:07.436Z", "user": 1, "content_type": 20, "object_id": "1", "object_repr": "KHUVqe3n6YSUXNddUXaSL4jHuj2dxzzD7VUZ0D7ZGnOreGuX2kfb9SrcxNCSLEMy", "action_flag": 1, "change_message": "[{\"added\": {}}]"}}, {"model": "admin.logentry", "pk": 73, "fields": {"action_time": "2022-11-04T12:43:16.021Z", "user": 1, "content_type": 21, "object_id": "2", "object_repr": "Бесплатный", "action_flag": 1, "change_message": "[{\"added\": {}}]"}}, {"model": "admin.logentry", "pk": 74, "fields": {"action_time": "2022-11-04T12:43:39.273Z", "user": 1, "content_type": 21, "object_id": "1", "object_repr": "Начинающий меломан", "action_flag": 2, "change_message": "[{\"changed\": {\"fields\": [\"\\u0422\\u0438\\u043f\", \"\\u041a\\u043e\\u043b\\u0438\\u0447\\u0435\\u0441\\u0442\\u0432\\u043e \\u043f\\u0443\\u0431\\u043b\\u0438\\u0447\\u043d\\u044b\\u0445 \\u043f\\u043b\\u0435\\u0439\\u043b\\u0438\\u0441\\u0442\\u043e\\u0432\", \"\\u041a\\u043e\\u043b\\u0438\\u0447\\u0435\\u0441\\u0442\\u0432\\u043e \\u0441\\u043a\\u0440\\u044b\\u0442\\u044b\\u0445 \\u043f\\u043b\\u0435\\u0439\\u043b\\u0438\\u0441\\u0442\\u043e\\u0432\"]}}]"}}, {"model": "admin.logentry", "pk": 75, "fields": {"action_time": "2022-11-07T08:46:07.128Z", "user": 1, "content_type": 21, "object_id": "2", "object_repr": "Бесплатный", "action_flag": 2, "change_message": "[{\"changed\": {\"fields\": [\"\\u041a\\u043e\\u043b\\u0438\\u0447\\u0435\\u0441\\u0442\\u0432\\u043e \\u043f\\u0443\\u0431\\u043b\\u0438\\u0447\\u043d\\u044b\\u0445 \\u043f\\u043b\\u0435\\u0439\\u043b\\u0438\\u0441\\u0442\\u043e\\u0432\"]}}]"}}, {"model": "admin.logentry", "pk": 76, "fields": {"action_time": "2022-11-07T08:46:27.438Z", "user": 1, "content_type": 21, "object_id": "1", "object_repr": "Начинающий меломан", "action_flag": 2, "change_message": "[{\"changed\": {\"fields\": [\"\\u0423\\u0440\\u043e\\u0432\\u0435\\u043d\\u044c\", \"\\u041a\\u043e\\u043b\\u0438\\u0447\\u0435\\u0441\\u0442\\u0432\\u043e \\u043f\\u0443\\u0431\\u043b\\u0438\\u0447\\u043d\\u044b\\u0445 \\u043f\\u043b\\u0435\\u0439\\u043b\\u0438\\u0441\\u0442\\u043e\\u0432\", \"\\u041c\\u0430\\u043a\\u0441\\u0438\\u043c\\u0430\\u043b\\u044c\\u043d\\u043e\\u0435 \\u043a\\u043e\\u043b\\u0438\\u0447\\u0435\\u0441\\u0442\\u0432\\u043e \\u043f\\u0435\\u0441\\u0435\\u043d \\u0432 \\u043f\\u043b\\u0435\\u0439\\u043b\\u0438\\u0441\\u0442\\u0435\"]}}]"}}, {"model": "admin.logentry", "pk": 77, "fields": {"action_time": "2022-11-07T09:15:46.612Z", "user": 1, "content_type": 18, "object_id": "1", "object_repr": "Новичок в мире музыки", "action_flag": 2, "change_message": "[{\"changed\": {\"fields\": [\"\\u041e\\u043f\\u0438\\u0441\\u0430\\u043d\\u0438\\u0435\", \"\\u0426\\u0435\\u043d\\u0430\"]}}]"}}, {"model": "admin.logentry", "pk": 78, "fields": {"action_time": "2022-11-07T09:34:58.060Z", "user": 1, "content_type": 18, "object_id": "1", "object_repr": "Новичок в мире музыки", "action_flag": 2, "change_message": "[{\"changed\": {\"fields\": [\"\\u0422\\u0438\\u043f\", \"\\u0410\\u043a\\u0442\\u0438\\u0432\\u0435\\u043d (\\u0432 \\u043c\\u0435\\u0441\\u044f\\u0446\\u0430\\u0445)\", \"\\u0426\\u0435\\u043d\\u0430\"]}}]"}}, {"model": "admin.logentry", "pk": 79, "fields": {"action_time": "2022-11-07T09:36:01.280Z", "user": 1, "content_type": 18, "object_id": "1", "object_repr": "Новичок в мире музыки", "action_flag": 2, "change_message": "[{\"changed\": {\"fields\": [\"\\u0421\\u043a\\u0438\\u0434\\u043a\\u0430\"]}}]"}}, {"model": "admin.logentry", "pk": 80, "fields": {"action_time": "2022-11-07T09:37:31.746Z", "user": 1, "content_type": 18, "object_id": "2", "object_repr": "Любитель музыки", "action_flag": 1, "change_message": "[{\"added\": {}}]"}}, {"model": "admin.logentry", "pk": 81, "fields": {"action_time": "2022-11-08T05:43:01.641Z", "user": 1, "content_type": 19, "object_id": "7", "object_repr": "«Супер-ультра скидка» 1%", "action_flag": 1, "change_message": "[{\"added\": {}}]"}}, {"model": "admin.logentry", "pk": 82, "fields": {"action_time": "2022-11-08T06:00:02.131Z", "user": 1, "content_type": 19, "object_id": "7", "object_repr": "«Супер-ультра скидка» 4%", "action_flag": 2, "change_message": "[{\"changed\": {\"fields\": [\"\\u0420\\u0430\\u0437\\u043c\\u0435\\u0440\"]}}]"}}, {"model": "admin.logentry", "pk": 83, "fields": {"action_time": "2022-11-08T06:43:58.056Z", "user": 1, "content_type": 1, "object_id": "10", "object_repr": "user1", "action_flag": 2, "change_message": "[{\"changed\": {\"fields\": [\"Groups\", \"User permissions\"]}}]"}}, {"model": "admin.logentry", "pk": 84, "fields": {"action_time": "2022-11-08T10:17:16.836Z", "user": 1, "content_type": 16, "object_id": "21", "object_repr": "Comment object (21)", "action_flag": 2, "change_message": "[{\"changed\": {\"fields\": [\"\\u041e\\u043f\\u0443\\u0431\\u043b\\u0438\\u043a\\u043e\\u0432\\u0430\\u043d\"]}}]"}}, {"model": "admin.logentry", "pk": 85, "fields": {"action_time": "2022-11-08T10:39:21.827Z", "user": 1, "content_type": 16, "object_id": "22", "object_repr": "Comment object (22)", "action_flag": 2, "change_message": "[{\"changed\": {\"fields\": [\"\\u041e\\u043f\\u0443\\u0431\\u043b\\u0438\\u043a\\u043e\\u0432\\u0430\\u043d\"]}}]"}}, {"model": "admin.logentry", "pk": 86, "fields": {"action_time": "2022-11-09T16:42:01.914Z", "user": 1, "content_type": 17, "object_id": "2", "object_repr": "mysite.com", "action_flag": 1, "change_message": "[{\"added\": {}}]"}}, {"model": "admin.logentry", "pk": 87, "fields": {"action_time": "2022-11-09T16:42:09.859Z", "user": 1, "content_type": 17, "object_id": "2", "object_repr": "mysite.com:8000", "action_flag": 2, "change_message": "[{\"changed\": {\"fields\": [\"Domain name\"]}}]"}}, {"model": "admin.logentry", "pk": 88, "fields": {"action_time": "2022-11-10T16:36:54.782Z", "user": 1, "content_type": 18, "object_id": "1", "object_repr": "Новичок в мире музыки", "action_flag": 2, "change_message": "[{\"changed\": {\"fields\": [\"\\u0410\\u043a\\u0442\\u0438\\u0432\\u0435\\u043d (\\u0432 \\u043c\\u0435\\u0441\\u044f\\u0446\\u0430\\u0445)\"]}}]"}}, {"model": "admin.logentry", "pk": 89, "fields": {"action_time": "2022-11-10T16:37:20.493Z", "user": 1, "content_type": 18, "object_id": "1", "object_repr": "Новичок в мире музыки", "action_flag": 2, "change_message": "[{\"changed\": {\"fields\": [\"\\u0410\\u043a\\u0442\\u0438\\u0432\\u0435\\u043d (\\u0432 \\u043c\\u0435\\u0441\\u044f\\u0446\\u0430\\u0445)\"]}}]"}}, {"model": "admin.logentry", "pk": 90, "fields": {"action_time": "2022-11-17T09:25:31.766Z", "user": 1, "content_type": 10, "object_id": "2", "object_repr": "Письмо в редакцию", "action_flag": 2, "change_message": "[{\"changed\": {\"fields\": [\"\\u041d\\u0430\\u043f\\u0438\\u0441\\u0430\\u043d\\u0430\"]}}]"}}, {"model": "admin.logentry", "pk": 91, "fields": {"action_time": "2022-11-19T04:20:39.027Z", "user": 1, "content_type": 10, "object_id": "9", "object_repr": "Дальше действовать будем мы", "action_flag": 1, "change_message": "[{\"added\": {}}]"}}, {"model": "admin.logentry", "pk": 92, "fields": {"action_time": "2022-11-19T04:23:37.010Z", "user": 1, "content_type": 7, "object_id": "5", "object_repr": "Звезда по имени Солнце", "action_flag": 1, "change_message": "[{\"added\": {}}]"}}, {"model": "admin.logentry", "pk": 93, "fields": {"action_time": "2022-11-19T04:24:00.309Z", "user": 1, "content_type": 10, "object_id": "10", "object_repr": "Звезда по имени Солнце", "action_flag": 1, "change_message": "[{\"added\": {}}]"}}, {"model": "admin.logentry", "pk": 94, "fields": {"action_time": "2022-11-19T04:24:54.460Z", "user": 1, "content_type": 10, "object_id": "11", "object_repr": "Мама, мы все тяжело больны", "action_flag": 1, "change_message": "[{\"added\": {}}]"}}, {"model": "admin.logentry", "pk": 95, "fields": {"action_time": "2022-11-19T04:37:17.733Z", "user": 1, "content_type": 10, "object_id": "12", "object_repr": "Место для шага вперёд", "action_flag": 1, "change_message": "[{\"added\": {}}]"}}, {"model": "admin.logentry", "pk": 96, "fields": {"action_time": "2022-11-19T04:39:16.882Z", "user": 1, "content_type": 7, "object_id": "6", "object_repr": "Ночь", "action_flag": 1, "change_message": "[{\"added\": {}}]"}}, {"model": "admin.logentry", "pk": 97, "fields": {"action_time": "2022-11-19T04:39:20.830Z", "user": 1, "content_type": 10, "object_id": "13", "object_repr": "Последний герой", "action_flag": 1, "change_message": "[{\"added\": {}}]"}}, {"model": "admin.logentry", "pk": 98, "fields": {"action_time": "2022-11-19T04:41:02.297Z", "user": 1, "content_type": 10, "object_id": "14", "object_repr": "Стук", "action_flag": 1, "change_message": "[{\"added\": {}}]"}}, {"model": "admin.logentry", "pk": 99, "fields": {"action_time": "2022-11-19T15:53:47.560Z", "user": 1, "content_type": 7, "object_id": "7", "object_repr": "Ночь", "action_flag": 1, "change_message": "[{\"added\": {}}]"}}, {"model": "admin.logentry", "pk": 100, "fields": {"action_time": "2022-11-19T15:54:12.717Z", "user": 1, "content_type": 10, "object_id": "15", "object_repr": "Видели ночь", "action_flag": 1, "change_message": "[{\"added\": {}}]"}}, {"model": "admin.logentry", "pk": 101, "fields": {"action_time": "2022-11-19T15:58:10.044Z", "user": 1, "content_type": 7, "object_id": "8", "object_repr": "Чёрный альбом", "action_flag": 1, "change_message": "[{\"added\": {}}]"}}, {"model": "admin.logentry", "pk": 102, "fields": {"action_time": "2022-11-19T15:58:33.220Z", "user": 1, "content_type": 10, "object_id": "16", "object_repr": "Кончится лето", "action_flag": 1, "change_message": "[{\"added\": {}}]"}}, {"model": "admin.logentry", "pk": 103, "fields": {"action_time": "2022-11-19T16:01:52.963Z", "user": 1, "content_type": 9, "object_id": "4", "object_repr": "Зверь Р.", "action_flag": 1, "change_message": "[{\"added\": {}}]"}}, {"model": "admin.logentry", "pk": 104, "fields": {"action_time": "2022-11-19T16:02:22.682Z", "user": 1, "content_type": 11, "object_id": "2", "object_repr": "Звери", "action_flag": 1, "change_message": "[{\"added\": {}}]"}}, {"model": "admin.logentry", "pk": 105, "fields": {"action_time": "2022-11-19T16:02:50.516Z", "user": 1, "content_type": 7, "object_id": "9", "object_repr": "Районы-кварталы", "action_flag": 1, "change_message": "[{\"added\": {}}]"}}, {"model": "admin.logentry", "pk": 106, "fields": {"action_time": "2022-11-19T16:03:08.753Z", "user": 1, "content_type": 10, "object_id": "17", "object_repr": "Всё, что тебя касается", "action_flag": 1, "change_message": "[{\"added\": {}}]"}}, {"model": "admin.logentry", "pk": 107, "fields": {"action_time": "2022-11-19T16:30:50.888Z", "user": 1, "content_type": 22, "object_id": "20", "object_repr": "Чек №20", "action_flag": 2, "change_message": "[{\"changed\": {\"fields\": [\"\\u0414\\u0430\\u0442\\u0430 \\u043e\\u043a\\u043e\\u043d\\u0447\\u0430\\u043d\\u0438\\u044f \\u043f\\u0440\\u0435\\u043c\\u0438\\u0443\\u043c\\u0430\"]}}]"}}, {"model": "admin.logentry", "pk": 108, "fields": {"action_time": "2022-11-19T16:41:42.220Z", "user": 1, "content_type": 1, "object_id": "11", "object_repr": "user2", "action_flag": 2, "change_message": "[{\"changed\": {\"fields\": [\"User permissions\"]}}]"}}, {"model": "auth.permission", "pk": 1, "fields": {"name": "Can add Пользователь", "content_type": 1, "codename": "add_customuser"}}, {"model": "auth.permission", "pk": 2, "fields": {"name": "Can change Пользователь", "content_type": 1, "codename": "change_customuser"}}, {"model": "auth.permission", "pk": 3, "fields": {"name": "Can delete Пользователь", "content_type": 1, "codename": "delete_customuser"}}, {"model": "auth.permission", "pk": 4, "fields": {"name": "Can view Пользователь", "content_type": 1, "codename": "view_customuser"}}, {"model": "auth.permission", "pk": 5, "fields": {"name": "Can add log entry", "content_type": 2, "codename": "add_logentry"}}, {"model": "auth.permission", "pk": 6, "fields": {"name": "Can change log entry", "content_type": 2, "codename": "change_logentry"}}, {"model": "auth.permission", "pk": 7, "fields": {"name": "Can delete log entry", "content_type": 2, "codename": "delete_logentry"}}, {"model": "auth.permission", "pk": 8, "fields": {"name": "Can view log entry", "content_type": 2, "codename": "view_logentry"}}, {"model": "auth.permission", "pk": 9, "fields": {"name": "Can add permission", "content_type": 3, "codename": "add_permission"}}, {"model": "auth.permission", "pk": 10, "fields": {"name": "Can change permission", "content_type": 3, "codename": "change_permission"}}, {"model": "auth.permission", "pk": 11, "fields": {"name": "Can delete permission", "content_type": 3, "codename": "delete_permission"}}, {"model": "auth.permission", "pk": 12, "fields": {"name": "Can view permission", "content_type": 3, "codename": "view_permission"}}, {"model": "auth.permission", "pk": 13, "fields": {"name": "Can add group", "content_type": 4, "codename": "add_group"}}, {"model": "auth.permission", "pk": 14, "fields": {"name": "Can change group", "content_type": 4, "codename": "change_group"}}, {"model": "auth.permission", "pk": 15, "fields": {"name": "Can delete group", "content_type": 4, "codename": "delete_group"}}, {"model": "auth.permission", "pk": 16, "fields": {"name": "Can view group", "content_type": 4, "codename": "view_group"}}, {"model": "auth.permission", "pk": 17, "fields": {"name": "Can add content type", "content_type": 5, "codename": "add_contenttype"}}, {"model": "auth.permission", "pk": 18, "fields": {"name": "Can change content type", "content_type": 5, "codename": "change_contenttype"}}, {"model": "auth.permission", "pk": 19, "fields": {"name": "Can delete content type", "content_type": 5, "codename": "delete_contenttype"}}, {"model": "auth.permission", "pk": 20, "fields": {"name": "Can view content type", "content_type": 5, "codename": "view_contenttype"}}, {"model": "auth.permission", "pk": 21, "fields": {"name": "Can add session", "content_type": 6, "codename": "add_session"}}, {"model": "auth.permission", "pk": 22, "fields": {"name": "Can change session", "content_type": 6, "codename": "change_session"}}, {"model": "auth.permission", "pk": 23, "fields": {"name": "Can delete session", "content_type": 6, "codename": "delete_session"}}, {"model": "auth.permission", "pk": 24, "fields": {"name": "Can view session", "content_type": 6, "codename": "view_session"}}, {"model": "auth.permission", "pk": 25, "fields": {"name": "Can add Альбом", "content_type": 7, "codename": "add_album"}}, {"model": "auth.permission", "pk": 26, "fields": {"name": "Can change Альбом", "content_type": 7, "codename": "change_album"}}, {"model": "auth.permission", "pk": 27, "fields": {"name": "Can delete Альбом", "content_type": 7, "codename": "delete_album"}}, {"model": "auth.permission", "pk": 28, "fields": {"name": "Can view Альбом", "content_type": 7, "codename": "view_album"}}, {"model": "auth.permission", "pk": 29, "fields": {"name": "Can add Жанр", "content_type": 8, "codename": "add_genre"}}, {"model": "auth.permission", "pk": 30, "fields": {"name": "Can change Жанр", "content_type": 8, "codename": "change_genre"}}, {"model": "auth.permission", "pk": 31, "fields": {"name": "Can delete Жанр", "content_type": 8, "codename": "delete_genre"}}, {"model": "auth.permission", "pk": 32, "fields": {"name": "Can view Жанр", "content_type": 8, "codename": "view_genre"}}, {"model": "auth.permission", "pk": 33, "fields": {"name": "Can add Музыкант", "content_type": 9, "codename": "add_musician"}}, {"model": "auth.permission", "pk": 34, "fields": {"name": "Can change Музыкант", "content_type": 9, "codename": "change_musician"}}, {"model": "auth.permission", "pk": 35, "fields": {"name": "Can delete Музыкант", "content_type": 9, "codename": "delete_musician"}}, {"model": "auth.permission", "pk": 36, "fields": {"name": "Can view Музыкант", "content_type": 9, "codename": "view_musician"}}, {"model": "auth.permission", "pk": 37, "fields": {"name": "Can add Песня", "content_type": 10, "codename": "add_song"}}, {"model": "auth.permission", "pk": 38, "fields": {"name": "Can change Песня", "content_type": 10, "codename": "change_song"}}, {"model": "auth.permission", "pk": 39, "fields": {"name": "Can delete Песня", "content_type": 10, "codename": "delete_song"}}, {"model": "auth.permission", "pk": 40, "fields": {"name": "Can view Песня", "content_type": 10, "codename": "view_song"}}, {"model": "auth.permission", "pk": 41, "fields": {"name": "Can add Группа", "content_type": 11, "codename": "add_musicgroup"}}, {"model": "auth.permission", "pk": 42, "fields": {"name": "Can change Группа", "content_type": 11, "codename": "change_musicgroup"}}, {"model": "auth.permission", "pk": 43, "fields": {"name": "Can delete Группа", "content_type": 11, "codename": "delete_musicgroup"}}, {"model": "auth.permission", "pk": 44, "fields": {"name": "Can view Группа", "content_type": 11, "codename": "view_musicgroup"}}, {"model": "auth.permission", "pk": 45, "fields": {"name": "Can add kv store", "content_type": 12, "codename": "add_kvstore"}}, {"model": "auth.permission", "pk": 46, "fields": {"name": "Can change kv store", "content_type": 12, "codename": "change_kvstore"}}, {"model": "auth.permission", "pk": 47, "fields": {"name": "Can delete kv store", "content_type": 12, "codename": "delete_kvstore"}}, {"model": "auth.permission", "pk": 48, "fields": {"name": "Can view kv store", "content_type": 12, "codename": "view_kvstore"}}, {"model": "auth.permission", "pk": 49, "fields": {"name": "Can add playlist", "content_type": 13, "codename": "add_playlist"}}, {"model": "auth.permission", "pk": 50, "fields": {"name": "Can change playlist", "content_type": 13, "codename": "change_playlist"}}, {"model": "auth.permission", "pk": 51, "fields": {"name": "Can delete playlist", "content_type": 13, "codename": "delete_playlist"}}, {"model": "auth.permission", "pk": 52, "fields": {"name": "Can view playlist", "content_type": 13, "codename": "view_playlist"}}, {"model": "auth.permission", "pk": 53, "fields": {"name": "Can add Плейлист", "content_type": 14, "codename": "add_playlist"}}, {"model": "auth.permission", "pk": 54, "fields": {"name": "Can change Плейлист", "content_type": 14, "codename": "change_playlist"}}, {"model": "auth.permission", "pk": 55, "fields": {"name": "Can delete Плейлист", "content_type": 14, "codename": "delete_playlist"}}, {"model": "auth.permission", "pk": 56, "fields": {"name": "Can view Плейлист", "content_type": 14, "codename": "view_playlist"}}, {"model": "auth.permission", "pk": 57, "fields": {"name": "Can add Новость", "content_type": 15, "codename": "add_news"}}, {"model": "auth.permission", "pk": 58, "fields": {"name": "Can change Новость", "content_type": 15, "codename": "change_news"}}, {"model": "auth.permission", "pk": 59, "fields": {"name": "Can delete Новость", "content_type": 15, "codename": "delete_news"}}, {"model": "auth.permission", "pk": 60, "fields": {"name": "Can view Новость", "content_type": 15, "codename": "view_news"}}, {"model": "auth.permission", "pk": 61, "fields": {"name": "Can add Комментарий", "content_type": 16, "codename": "add_comment"}}, {"model": "auth.permission", "pk": 62, "fields": {"name": "Can change Комментарий", "content_type": 16, "codename": "change_comment"}}, {"model": "auth.permission", "pk": 63, "fields": {"name": "Can delete Комментарий", "content_type": 16, "codename": "delete_comment"}}, {"model": "auth.permission", "pk": 64, "fields": {"name": "Can view Комментарий", "content_type": 16, "codename": "view_comment"}}, {"model": "auth.permission", "pk": 65, "fields": {"name": "Can add site", "content_type": 17, "codename": "add_site"}}, {"model": "auth.permission", "pk": 66, "fields": {"name": "Can change site", "content_type": 17, "codename": "change_site"}}, {"model": "auth.permission", "pk": 67, "fields": {"name": "Can delete site", "content_type": 17, "codename": "delete_site"}}, {"model": "auth.permission", "pk": 68, "fields": {"name": "Can view site", "content_type": 17, "codename": "view_site"}}, {"model": "auth.permission", "pk": 69, "fields": {"name": "Can add Премиум", "content_type": 18, "codename": "add_premium"}}, {"model": "auth.permission", "pk": 70, "fields": {"name": "Can change Премиум", "content_type": 18, "codename": "change_premium"}}, {"model": "auth.permission", "pk": 71, "fields": {"name": "Can delete Премиум", "content_type": 18, "codename": "delete_premium"}}, {"model": "auth.permission", "pk": 72, "fields": {"name": "Can view Премиум", "content_type": 18, "codename": "view_premium"}}, {"model": "auth.permission", "pk": 73, "fields": {"name": "Can add Скидка", "content_type": 19, "codename": "add_discount"}}, {"model": "auth.permission", "pk": 74, "fields": {"name": "Can change Скидка", "content_type": 19, "codename": "change_discount"}}, {"model": "auth.permission", "pk": 75, "fields": {"name": "Can delete Скидка", "content_type": 19, "codename": "delete_discount"}}, {"model": "auth.permission", "pk": 76, "fields": {"name": "Can view Скидка", "content_type": 19, "codename": "view_discount"}}, {"model": "auth.permission", "pk": 77, "fields": {"name": "Can add Промокод", "content_type": 20, "codename": "add_promo"}}, {"model": "auth.permission", "pk": 78, "fields": {"name": "Can change Промокод", "content_type": 20, "codename": "change_promo"}}, {"model": "auth.permission", "pk": 79, "fields": {"name": "Can delete Промокод", "content_type": 20, "codename": "delete_promo"}}, {"model": "auth.permission", "pk": 80, "fields": {"name": "Can view Промокод", "content_type": 20, "codename": "view_promo"}}, {"model": "auth.permission", "pk": 81, "fields": {"name": "Can add premium type", "content_type": 21, "codename": "add_premiumtype"}}, {"model": "auth.permission", "pk": 82, "fields": {"name": "Can change premium type", "content_type": 21, "codename": "change_premiumtype"}}, {"model": "auth.permission", "pk": 83, "fields": {"name": "Can delete premium type", "content_type": 21, "codename": "delete_premiumtype"}}, {"model": "auth.permission", "pk": 84, "fields": {"name": "Can view premium type", "content_type": 21, "codename": "view_premiumtype"}}, {"model": "auth.permission", "pk": 85, "fields": {"name": "Can add Чек", "content_type": 22, "codename": "add_receipt"}}, {"model": "auth.permission", "pk": 86, "fields": {"name": "Can change Чек", "content_type": 22, "codename": "change_receipt"}}, {"model": "auth.permission", "pk": 87, "fields": {"name": "Can delete Чек", "content_type": 22, "codename": "delete_receipt"}}, {"model": "auth.permission", "pk": 88, "fields": {"name": "Can view Чек", "content_type": 22, "codename": "view_receipt"}}, {"model": "auth.group", "pk": 1, "fields": {"name": "Редактор", "permissions": [8, 17, 18, 19, 20, 25, 26, 27, 29, 30, 31, 41, 42, 43, 33, 34, 35, 37, 38, 39, 61, 62, 57, 58, 59]}}, {"model": "auth.group", "pk": 2, "fields": {"name": "Пользователь", "permissions": [4, 28, 32, 44, 36, 40, 61, 64, 60, 49, 52, 56, 68]}}, {"model": "contenttypes.contenttype", "pk": 1, "fields": {"app_label": "custom_auth", "model": "customuser"}}, {"model": "contenttypes.contenttype", "pk": 2, "fields": {"app_label": "admin", "model": "logentry"}}, {"model": "contenttypes.contenttype", "pk": 3, "fields": {"app_label": "auth", "model": "permission"}}, {"model": "contenttypes.contenttype", "pk": 4, "fields": {"app_label": "auth", "model": "group"}}, {"model": "contenttypes.contenttype", "pk": 5, "fields": {"app_label": "contenttypes", "model": "contenttype"}}, {"model": "contenttypes.contenttype", "pk": 6, "fields": {"app_label": "sessions", "model": "session"}}, {"model": "contenttypes.contenttype", "pk": 7, "fields": {"app_label": "musics", "model": "album"}}, {"model": "contenttypes.contenttype", "pk": 8, "fields": {"app_label": "musics", "model": "genre"}}, {"model": "contenttypes.contenttype", "pk": 9, "fields": {"app_label": "musics", "model": "musician"}}, {"model": "contenttypes.contenttype", "pk": 10, "fields": {"app_label": "musics", "model": "song"}}, {"model": "contenttypes.contenttype", "pk": 11, "fields": {"app_label": "musics", "model": "musicgroup"}}, {"model": "contenttypes.contenttype", "pk": 12, "fields": {"app_label": "thumbnail", "model": "kvstore"}}, {"model": "contenttypes.contenttype", "pk": 13, "fields": {"app_label": "playlist", "model": "playlist"}}, {"model": "contenttypes.contenttype", "pk": 14, "fields": {"app_label": "profiles", "model": "playlist"}}, {"model": "contenttypes.contenttype", "pk": 15, "fields": {"app_label": "news", "model": "news"}}, {"model": "contenttypes.contenttype", "pk": 16, "fields": {"app_label": "news", "model": "comment"}}, {"model": "contenttypes.contenttype", "pk": 17, "fields": {"app_label": "sites", "model": "site"}}, {"model": "contenttypes.contenttype", "pk": 18, "fields": {"app_label": "payments", "model": "premium"}}, {"model": "contenttypes.contenttype", "pk": 19, "fields": {"app_label": "payments", "model": "discount"}}, {"model": "contenttypes.contenttype", "pk": 20, "fields": {"app_label": "payments", "model": "promo"}}, {"model": "contenttypes.contenttype", "pk": 21, "fields": {"app_label": "payments", "model": "premiumtype"}}, {"model": "contenttypes.contenttype", "pk": 22, "fields": {"app_label": "payments", "model": "receipt"}}, {"model": "sessions.session", "pk": "enu0nz2hm2h61alc15444tprzkmteo6u", "fields": {"session_data": ".eJxVjDEOwjAMRe-SGUW1nDQpIztnqBzbIQWUSk07Ie4OlTrA-t97_2VG2tYybk2XcRJzNgDm9Dsm4ofWncid6m22PNd1mZLdFXvQZq-z6PNyuH8HhVr51t2AnbIihj46lzR7iVmcH7xABOA-g_oOKTIICwXlEDKjAHJyimTeHwqFOME:1owQuk:t86tmO3hHCvOT37FiGeQU84bCSbH_-y4P17X02nxWNA", "expire_date": "2022-12-03T16:41:58.091Z"}}, {"model": "sessions.session", "pk": "mlsc7ydvihoqmpzo0cf3glwvv8m1ij83", "fields": {"session_data": ".eJxVjDsOwjAQBe_iGln-bjAlPWewdr02DiBHipMKcXcSKQW0b2beW0RclxrXnuc4srgILU6_G2F65rYDfmC7TzJNbZlHkrsiD9rlbeL8uh7u30HFXrfaegMKgrFAbiBNGl3OYIpjZQZLvoAKwJZAKQ7lvGkJrdaWkqIQihefL7p3NzI:1opO84:Q7JU1vyGWTRlWf8yKKOTpn7UrrkDiQ2vK8yK5QpPUHE", "expire_date": "2022-11-14T06:18:36.058Z"}}, {"model": "sessions.session", "pk": "pogv2foz183fp5d6qyfy11iuwlyu3ih6", "fields": {"session_data": ".eJxVjEsOAiEQBe_C2hDA5ufSvWcgDd3KqIFkmFkZ766TzEK3r6reSyRcl5rWwXOaSJyEVuLwO2YsD24boTu2W5elt2WestwUudMhL534ed7dv4OKo35rNmDR-YygwVFmz6HYkI0vMaJiyOTZOroCE4O3RYWIQVkd0Do2fBTvDxrMOHU:1oso9d:PqMM0-VAzMYDdte8EvFRVRiXdNMrJtTUIyLw0P7Nsp0", "expire_date": "2022-11-23T16:42:21.934Z"}}, {"model": "sessions.session", "pk": "u2zkvbtfaz6eniqklnxmrbu9153wzgy2", "fields": {"session_data": ".eJxVjDsOwjAQBe_iGln-bjAlPWewdr02DiBHipMKcXcSKQW0b2beW0RclxrXnuc4srgILU6_G2F65rYDfmC7TzJNbZlHkrsiD9rlbeL8uh7u30HFXrfaegMKgrFAbiBNGl3OYIpjZQZLvoAKwJZAKQ7lvGkJrdaWkqIQihefL7p3NzI:1oqsAs:hv8jJs7a87AFMa1SwGhlA-JVgJO7CSBM5aOvVljx0H8", "expire_date": "2022-11-18T08:35:38.031Z"}}, {"model": "thumbnail.kvstore", "pk": "sorl-thumbnail||image||09e0b8e2b5b879655294ebf3b35e83c2", "fields": {"value": "{\"name\": \"cache/2c/5c/2c5c1a3f2981e9524a6b4cc2e7d1fe7b.jpg\", \"storage\": \"django.core.files.storage.FileSystemStorage\", \"size\": [90, 120]}"}}, {"model": "thumbnail.kvstore", "pk": "sorl-thumbnail||image||179431c92ddc751186a116e99d8166ee", "fields": {"value": "{\"name\": \"media/news/2022/11/01/owl_detail_240_f477dd6f916da2d60634174ec99dee69.jpg\", \"storage\": \"django.core.files.storage.FileSystemStorage\", \"size\": [240, 160]}"}}, {"model": "thumbnail.kvstore", "pk": "sorl-thumbnail||image||1d37ed360df6f704cc742021ece0192b", "fields": {"value": "{\"name\": \"cache/bb/9a/bb9ad1750b30c2bdc6f0589fb5f57f3b.jpg\", \"storage\": \"django.core.files.storage.FileSystemStorage\", \"size\": [50, 50]}"}}, {"model": "thumbnail.kvstore", "pk": "sorl-thumbnail||image||1ec4c411ee3b00f90492c168ec48245e", "fields": {"value": "{\"name\": \"cache/a6/3a/a63ae8e9ea0b9bf4b8d74001208b5310.jpg\", \"storage\": \"django.core.files.storage.FileSystemStorage\", \"size\": [50, 50]}"}}, {"model": "thumbnail.kvstore", "pk": "sorl-thumbnail||image||203987c02f40725583745afeeb3bb670", "fields": {"value": "{\"name\": \"cache/aa/66/aa669cfc1064a1280134f603e7cbc87e.jpg\", \"storage\": \"django.core.files.storage.FileSystemStorage\", \"size\": [90, 120]}"}}, {"model": "thumbnail.kvstore", "pk": "sorl-thumbnail||image||2796be84e0ee1034b134f802e8ce1816", "fields": {"value": "{\"name\": \"cache/2a/44/2a44e2cdddf8fb14a3654234bf6338ed.jpg\", \"storage\": \"django.core.files.storage.FileSystemStorage\", \"size\": [50, 50]}"}}, {"model": "thumbnail.kvstore", "pk": "sorl-thumbnail||image||28efc1735e91be4ef90863b04862bb11", "fields": {"value": "{\"name\": \"album_covers/2022/10/30/\\u0437\\u0430\\u0433\\u0440\\u0443\\u0436\\u0435\\u043d\\u043d\\u043e\\u0435.jpg\", \"storage\": \"django.core.files.storage.FileSystemStorage\", \"size\": [290, 290]}"}}, {"model": "thumbnail.kvstore", "pk": "sorl-thumbnail||image||365f1329b9f9fb209812a40512c41bbe", "fields": {"value": "{\"name\": \"cache/af/92/af92d47432101a2a9e667af0bd595e89.jpg\", \"storage\": \"django.core.files.storage.FileSystemStorage\", \"size\": [50, 50]}"}}, {"model": "thumbnail.kvstore", "pk": "sorl-thumbnail||image||424ef31e2bacf34bae4a8af5ad2d26b5", "fields": {"value": "{\"name\": \"cache/78/45/78452439c89b0e4b8df8f429b7ee62fb.jpg\", \"storage\": \"django.core.files.storage.FileSystemStorage\", \"size\": [150, 200]}"}}, {"model": "thumbnail.kvstore", "pk": "sorl-thumbnail||image||436707ced6d8b3ec02353d68951ad817", "fields": {"value": "{\"name\": \"album_covers/2022/11/19/30bb1c7c9ebf57a5c2c24f913f6bbcd4-1240x.jpg\", \"storage\": \"django.core.files.storage.FileSystemStorage\", \"size\": [799, 800]}"}}, {"model": "thumbnail.kvstore", "pk": "sorl-thumbnail||image||487570193829b912bdaea93461ce3e4a", "fields": {"value": "{\"name\": \"cache/12/10/1210be5fd79e2fe713e48b966dcc599f.jpg\", \"storage\": \"django.core.files.storage.FileSystemStorage\", \"size\": [60, 80]}"}}, {"model": "thumbnail.kvstore", "pk": "sorl-thumbnail||image||5f5d20133079dead88b3939a2a98490e", "fields": {"value": "{\"name\": \"cache/e5/b4/e5b438eeea4e7175dd454324a7353ba1.jpg\", \"storage\": \"django.core.files.storage.FileSystemStorage\", \"size\": [30, 17]}"}}, {"model": "thumbnail.kvstore", "pk": "sorl-thumbnail||image||6679080dda84ba1b1a3da26b276420f8", "fields": {"value": "{\"name\": \"cache/4d/83/4d83d1f8fed9a86a31c4faa7934a28d7.jpg\", \"storage\": \"django.core.files.storage.FileSystemStorage\", \"size\": [50, 50]}"}}, {"model": "thumbnail.kvstore", "pk": "sorl-thumbnail||image||704fb145d4bbc28517d5f812af7467ba", "fields": {"value": "{\"name\": \"album_covers/2022/11/19/\\u041a\\u0438\\u043d\\u043e._1986._\\u041d\\u043e\\u0447\\u044c.jpg\", \"storage\": \"django.core.files.storage.FileSystemStorage\", \"size\": [1000, 1000]}"}}, {"model": "thumbnail.kvstore", "pk": "sorl-thumbnail||image||7131eb3f90046397e0e5325d9a9368f3", "fields": {"value": "{\"name\": \"cache/c6/76/c676d4fa834bd950da0c85d0c281dda1.jpg\", \"storage\": \"django.core.files.storage.FileSystemStorage\", \"size\": [40, 30]}"}}, {"model": "thumbnail.kvstore", "pk": "sorl-thumbnail||image||72a99cca116a8af76a6ae8c43215ffc8", "fields": {"value": "{\"name\": \"cache/ee/db/eedb4a2caf1ecf00b0a533b63f2147e4.jpg\", \"storage\": \"django.core.files.storage.FileSystemStorage\", \"size\": [100, 200]}"}}, {"model": "thumbnail.kvstore", "pk": "sorl-thumbnail||image||7e8a5edf3b1f67a4ecefb51a57b130e3", "fields": {"value": "{\"name\": \"album_covers/2022/11/19/rus_brit_pop09.jpg\", \"storage\": \"django.core.files.storage.FileSystemStorage\", \"size\": [1000, 1000]}"}}, {"model": "thumbnail.kvstore", "pk": "sorl-thumbnail||image||968e10745b4f51ebaa3d8e193e13320b", "fields": {"value": "{\"name\": \"album_covers/2022/10/21/icons8-play.gif\", \"storage\": \"django.core.files.storage.FileSystemStorage\", \"size\": [192, 192]}"}}, {"model": "thumbnail.kvstore", "pk": "sorl-thumbnail||image||9aac2fd72b0d924858fc9638525c866d", "fields": {"value": "{\"name\": \"cache/f9/8c/f98ca476af2ef8ccd8b05108ac11d1e3.jpg\", \"storage\": \"django.core.files.storage.FileSystemStorage\", \"size\": [50, 50]}"}}, {"model": "thumbnail.kvstore", "pk": "sorl-thumbnail||image||a5012b4a6e9b188b4d645d885f29189f", "fields": {"value": "{\"name\": \"cache/92/d7/92d79628292b57c57ac0a9cb55c3c225.jpg\", \"storage\": \"django.core.files.storage.FileSystemStorage\", \"size\": [100, 100]}"}}, {"model": "thumbnail.kvstore", "pk": "sorl-thumbnail||image||a69a1d41d14f7da2054cd426b2499a9d", "fields": {"value": "{\"name\": \"cache/69/09/6909e8ff49c8346ced530b29ea8047cf.jpg\", \"storage\": \"django.core.files.storage.FileSystemStorage\", \"size\": [150, 200]}"}}, {"model": "thumbnail.kvstore", "pk": "sorl-thumbnail||image||a7ee42ec4061cb114031a1e8bed85cbf", "fields": {"value": "{\"name\": \"cache/19/bb/19bbf71a6b76340f006dbffd02b687e3.jpg\", \"storage\": \"django.core.files.storage.FileSystemStorage\", \"size\": [60, 80]}"}}, {"model": "thumbnail.kvstore", "pk": "sorl-thumbnail||image||aa92c43da4d235dbfa47923b183a54f4", "fields": {"value": "{\"name\": \"album_covers/2022/10/21/vys_skalolazka_8Ato3TH.jpg\", \"storage\": \"django.core.files.storage.FileSystemStorage\", \"size\": [1280, 720]}"}}, {"model": "thumbnail.kvstore", "pk": "sorl-thumbnail||image||b57de7ea06d9327db886413d63343f95", "fields": {"value": "{\"name\": \"media/news/2022/11/01/8.jpg\", \"storage\": \"django.core.files.storage.FileSystemStorage\", \"size\": [1024, 733]}"}}, {"model": "thumbnail.kvstore", "pk": "sorl-thumbnail||image||b94330e900147dbf6f1d46afb5a46e7b", "fields": {"value": "{\"name\": \"album_covers/2022/11/19/zvezda_po_imeni_solnce_kino_1_lp_moroz_records_rossiya.jpg\", \"storage\": \"django.core.files.storage.FileSystemStorage\", \"size\": [1239, 1227]}"}}, {"model": "thumbnail.kvstore", "pk": "sorl-thumbnail||image||ba2518a787cffd2c5d1816ddf018db3b", "fields": {"value": "{\"name\": \"cache/4a/82/4a82b3fd9d2075521e3c4e8ce792b9e0.jpg\", \"storage\": \"django.core.files.storage.FileSystemStorage\", \"size\": [50, 50]}"}}, {"model": "thumbnail.kvstore", "pk": "sorl-thumbnail||image||c2d02dbd0302f692d3cec6d455525c26", "fields": {"value": "{\"name\": \"cache/9e/c8/9ec83fbd25cbb44106e86b38c93752e4.jpg\", \"storage\": \"django.core.files.storage.FileSystemStorage\", \"size\": [50, 50]}"}}, {"model": "thumbnail.kvstore", "pk": "sorl-thumbnail||image||c4b0cb8f20b4137773081d5412e50ef9", "fields": {"value": "{\"name\": \"cache/43/58/43582b6f12fa279e1d1ca0bcd723b4be.jpg\", \"storage\": \"django.core.files.storage.FileSystemStorage\", \"size\": [60, 80]}"}}, {"model": "thumbnail.kvstore", "pk": "sorl-thumbnail||image||cee73ca0f2937694cb8cb5a26d59a27e", "fields": {"value": "{\"name\": \"cache/d1/93/d19336199bb6aa7bc0340d5934c6f5d3.jpg\", \"storage\": \"django.core.files.storage.FileSystemStorage\", \"size\": [150, 200]}"}}, {"model": "thumbnail.kvstore", "pk": "sorl-thumbnail||image||d3220ae93ee626a7a16feee9c89a3bfd", "fields": {"value": "{\"name\": \"cache/77/76/777697fae930671f87f4343027c930eb.jpg\", \"storage\": \"django.core.files.storage.FileSystemStorage\", \"size\": [90, 120]}"}}, {"model": "thumbnail.kvstore", "pk": "sorl-thumbnail||image||d3d9b4ae10fe6b707ac74681fac74a2a", "fields": {"value": "{\"name\": \"album_covers/2022/10/27/play-button.png\", \"storage\": \"django.core.files.storage.FileSystemStorage\", \"size\": [512, 512]}"}}, {"model": "thumbnail.kvstore", "pk": "sorl-thumbnail||image||d60e8e2b0d151a1d2e42fc4a3dd8d304", "fields": {"value": "{\"name\": \"media/news/2022/10/30/vys_skalolazka.jpg\", \"storage\": \"django.core.files.storage.FileSystemStorage\", \"size\": [1280, 720]}"}}, {"model": "thumbnail.kvstore", "pk": "sorl-thumbnail||image||dc3d3d78f074c8861bc132b297bedcbd", "fields": {"value": "{\"name\": \"photos/2022/10/27/\\u0446\\u043e\\u0439.jpg\", \"storage\": \"django.core.files.storage.FileSystemStorage\", \"size\": [1104, 1104]}"}}, {"model": "thumbnail.kvstore", "pk": "sorl-thumbnail||image||e5c04269f858931e75b5c151d7709a47", "fields": {"value": "{\"name\": \"album_covers/2022/11/19/30bb1c7c9ebf57a5c2c24f913f6bbcd4-1240x_KNrGMkW.jpg\", \"storage\": \"django.core.files.storage.FileSystemStorage\", \"size\": [799, 800]}"}}, {"model": "thumbnail.kvstore", "pk": "sorl-thumbnail||image||f6ff427c8bc1a6a3983ad835ef59859d", "fields": {"value": "{\"name\": \"cache/ea/90/ea90f734f1d45e0e5e03bb70484de83b.jpg\", \"storage\": \"django.core.files.storage.FileSystemStorage\", \"size\": [150, 200]}"}}, {"model": "thumbnail.kvstore", "pk": "sorl-thumbnail||image||f91f3fae1eb8570d02c931a6c3680da7", "fields": {"value": "{\"name\": \"media/news/2022/10/30/1763230221_0_0_2957_2048_1440x900_80_1_1_c04822aed1051845a347cdda_qLzVDN2.webp\", \"storage\": \"django.core.files.storage.FileSystemStorage\", \"size\": [1299, 900]}"}}, {"model": "thumbnail.kvstore", "pk": "sorl-thumbnail||image||fb1eb9de11682b7eacc2a4f92018998b", "fields": {"value": "{\"name\": \"cache/9e/eb/9eebf2dbd172fbce3f6fce14e8374afe.jpg\", \"storage\": \"django.core.files.storage.FileSystemStorage\", \"size\": [150, 200]}"}}, {"model": "thumbnail.kvstore", "pk": "sorl-thumbnail||image||fb54973e63273d64155c71bd330b2d8f", "fields": {"value": "{\"name\": \"cache/66/85/66852a52292c50de46b80d4e5349fa2e.jpg\", \"storage\": \"django.core.files.storage.FileSystemStorage\", \"size\": [50, 50]}"}}, {"model": "thumbnail.kvstore", "pk": "sorl-thumbnail||image||fe42e1d2886d8a8adc3e5047e71453c1", "fields": {"value": "{\"name\": \"media/news/2022/11/02/1828124922_0_0_2092_1296_1440x900_80_1_1_5f42978d399061229d5938f3_bwDyhQO.webp\", \"storage\": \"django.core.files.storage.FileSystemStorage\", \"size\": [1440, 892]}"}}, {"model": "thumbnail.kvstore", "pk": "sorl-thumbnail||thumbnails||179431c92ddc751186a116e99d8166ee", "fields": {"value": "[\"d3220ae93ee626a7a16feee9c89a3bfd\", \"487570193829b912bdaea93461ce3e4a\", \"424ef31e2bacf34bae4a8af5ad2d26b5\"]"}}, {"model": "thumbnail.kvstore", "pk": "sorl-thumbnail||thumbnails||28efc1735e91be4ef90863b04862bb11", "fields": {"value": "[\"365f1329b9f9fb209812a40512c41bbe\"]"}}, {"model": "thumbnail.kvstore", "pk": "sorl-thumbnail||thumbnails||436707ced6d8b3ec02353d68951ad817", "fields": {"value": "[\"6679080dda84ba1b1a3da26b276420f8\"]"}}, {"model": "thumbnail.kvstore", "pk": "sorl-thumbnail||thumbnails||704fb145d4bbc28517d5f812af7467ba", "fields": {"value": "[\"fb54973e63273d64155c71bd330b2d8f\"]"}}, {"model": "thumbnail.kvstore", "pk": "sorl-thumbnail||thumbnails||7e8a5edf3b1f67a4ecefb51a57b130e3", "fields": {"value": "[\"1d37ed360df6f704cc742021ece0192b\"]"}}, {"model": "thumbnail.kvstore", "pk": "sorl-thumbnail||thumbnails||968e10745b4f51ebaa3d8e193e13320b", "fields": {"value": "[\"c2d02dbd0302f692d3cec6d455525c26\"]"}}, {"model": "thumbnail.kvstore", "pk": "sorl-thumbnail||thumbnails||aa92c43da4d235dbfa47923b183a54f4", "fields": {"value": "[\"ba2518a787cffd2c5d1816ddf018db3b\"]"}}, {"model": "thumbnail.kvstore", "pk": "sorl-thumbnail||thumbnails||b57de7ea06d9327db886413d63343f95", "fields": {"value": "[\"c4b0cb8f20b4137773081d5412e50ef9\", \"a69a1d41d14f7da2054cd426b2499a9d\"]"}}, {"model": "thumbnail.kvstore", "pk": "sorl-thumbnail||thumbnails||b94330e900147dbf6f1d46afb5a46e7b", "fields": {"value": "[\"1ec4c411ee3b00f90492c168ec48245e\"]"}}, {"model": "thumbnail.kvstore", "pk": "sorl-thumbnail||thumbnails||d3d9b4ae10fe6b707ac74681fac74a2a", "fields": {"value": "[\"2796be84e0ee1034b134f802e8ce1816\"]"}}, {"model": "thumbnail.kvstore", "pk": "sorl-thumbnail||thumbnails||d60e8e2b0d151a1d2e42fc4a3dd8d304", "fields": {"value": "[\"09e0b8e2b5b879655294ebf3b35e83c2\", \"a7ee42ec4061cb114031a1e8bed85cbf\", \"5f5d20133079dead88b3939a2a98490e\", \"7131eb3f90046397e0e5325d9a9368f3\", \"cee73ca0f2937694cb8cb5a26d59a27e\"]"}}, {"model": "thumbnail.kvstore", "pk": "sorl-thumbnail||thumbnails||dc3d3d78f074c8861bc132b297bedcbd", "fields": {"value": "[\"a5012b4a6e9b188b4d645d885f29189f\"]"}}, {"model": "thumbnail.kvstore", "pk": "sorl-thumbnail||thumbnails||e5c04269f858931e75b5c151d7709a47", "fields": {"value": "[\"9aac2fd72b0d924858fc9638525c866d\"]"}}, {"model": "thumbnail.kvstore", "pk": "sorl-thumbnail||thumbnails||f91f3fae1eb8570d02c931a6c3680da7", "fields": {"value": "[\"72a99cca116a8af76a6ae8c43215ffc8\", \"fb1eb9de11682b7eacc2a4f92018998b\"]"}}, {"model": "thumbnail.kvstore", "pk": "sorl-thumbnail||thumbnails||fe42e1d2886d8a8adc3e5047e71453c1", "fields": {"value": "[\"f6ff427c8bc1a6a3983ad835ef59859d\", \"203987c02f40725583745afeeb3bb670\"]"}}, {"model": "sites.site", "pk": 1, "fields": {"domain": "localhost:8000", "name": "localhost:8000"}}, {"model": "sites.site", "pk": 2, "fields": {"domain": "mysite.com:8000", "name": "mysite.com"}}]